INFO - 2024-07-18 14:01:45 --> Session: Class initialized using 'CodeIgniter\Session\Handlers\FileHandler' driver.
INFO - 2024-07-18 14:04:05 --> Session: Class initialized using 'CodeIgniter\Session\Handlers\FileHandler' driver.
INFO - 2024-07-18 14:04:33 --> Session: Class initialized using 'CodeIgniter\Session\Handlers\FileHandler' driver.
ERROR - 2024-07-18 14:22:26 --> mysqli_sql_exception: Incorrect table definition; there can be only one auto column and it must be defined as a key in E:\laragon\www\spk_maut\vendor\codeigniter4\framework\system\Database\MySQLi\Connection.php:306
Stack trace:
#0 E:\laragon\www\spk_maut\vendor\codeigniter4\framework\system\Database\MySQLi\Connection.php(306): mysqli->query('CREATE TABLE `t...', 0)
#1 E:\laragon\www\spk_maut\vendor\codeigniter4\framework\system\Database\BaseConnection.php(693): CodeIgniter\Database\MySQLi\Connection->execute('CREATE TABLE `t...')
#2 E:\laragon\www\spk_maut\vendor\codeigniter4\framework\system\Database\BaseConnection.php(607): CodeIgniter\Database\BaseConnection->simpleQuery('CREATE TABLE `t...')
#3 E:\laragon\www\spk_maut\vendor\codeigniter4\framework\system\Database\Forge.php(555): CodeIgniter\Database\BaseConnection->query('CREATE TABLE `t...')
#4 E:\laragon\www\spk_maut\app\Database\Migrations\2024-07-18-141819_SubKriteria.php(57): CodeIgniter\Database\Forge->createTable('tbl_sub_kriteri...', true)
#5 E:\laragon\www\spk_maut\vendor\codeigniter4\framework\system\Database\MigrationRunner.php(865): App\Database\Migrations\SubKriteria->up()
#6 E:\laragon\www\spk_maut\vendor\codeigniter4\framework\system\Database\MigrationRunner.php(181): CodeIgniter\Database\MigrationRunner->migrate('up', Object(stdClass))
#7 E:\laragon\www\spk_maut\vendor\codeigniter4\framework\system\Commands\Database\Migrate.php(84): CodeIgniter\Database\MigrationRunner->latest(NULL)
#8 E:\laragon\www\spk_maut\vendor\codeigniter4\framework\system\CLI\Commands.php(65): CodeIgniter\Commands\Database\Migrate->run(Array)
#9 E:\laragon\www\spk_maut\vendor\codeigniter4\framework\system\CLI\Console.php(46): CodeIgniter\CLI\Commands->run('migrate', Array)
#10 E:\laragon\www\spk_maut\spark(102): CodeIgniter\CLI\Console->run()
#11 {main}
CRITICAL - 2024-07-18 14:27:59 --> CodeIgniter\Exceptions\ConfigException: Config\App::$baseURL "http://spk_maut.test/" is not a valid URL.
in SYSTEMPATH\HTTP\SiteURI.php on line 199.
 1 SYSTEMPATH\HTTP\SiteURI.php(145): CodeIgniter\HTTP\SiteURI->normalizeBaseURL(Object(Config\App))
 2 SYSTEMPATH\HTTP\SiteURI.php(100): CodeIgniter\HTTP\SiteURI->determineBaseURL(Object(Config\App), null, null)
 3 SYSTEMPATH\HTTP\SiteURIFactory.php(224): CodeIgniter\HTTP\SiteURI->__construct(Object(Config\App), '/', null)
 4 SYSTEMPATH\HTTP\SiteURIFactory.php(45): CodeIgniter\HTTP\SiteURIFactory->createURIFromRoutePath('/')
 5 SYSTEMPATH\Config\Services.php(799): CodeIgniter\HTTP\SiteURIFactory->createFromGlobals()
 6 SYSTEMPATH\Config\BaseService.php(258): CodeIgniter\Config\Services::uri(null, false)
 7 SYSTEMPATH\Config\BaseService.php(199): CodeIgniter\Config\BaseService::__callStatic('uri', [...])
 8 SYSTEMPATH\Config\Services.php(792): CodeIgniter\Config\BaseService::getSharedInstance('uri', null)
 9 SYSTEMPATH\Config\BaseService.php(258): CodeIgniter\Config\Services::uri()
10 SYSTEMPATH\Config\Services.php(566): CodeIgniter\Config\BaseService::__callStatic('uri', [])
11 SYSTEMPATH\Config\BaseService.php(258): CodeIgniter\Config\Services::incomingrequest(Object(Config\App), false)
12 SYSTEMPATH\Config\Services.php(524): CodeIgniter\Config\BaseService::__callStatic('incomingrequest', [...])
13 SYSTEMPATH\Config\BaseService.php(258): CodeIgniter\Config\Services::request(Object(Config\App), false)
14 SYSTEMPATH\Config\BaseService.php(199): CodeIgniter\Config\BaseService::__callStatic('request', [...])
15 SYSTEMPATH\Config\Services.php(559): CodeIgniter\Config\BaseService::getSharedInstance('request', Object(Config\App))
16 SYSTEMPATH\Config\BaseService.php(258): CodeIgniter\Config\Services::incomingrequest(Object(Config\App))
17 SYSTEMPATH\Config\Services.php(539): CodeIgniter\Config\BaseService::__callStatic('incomingrequest', [...])
18 SYSTEMPATH\Config\BaseService.php(258): CodeIgniter\Config\Services::createRequest(Object(Config\App))
19 SYSTEMPATH\CodeIgniter.php(655): CodeIgniter\Config\BaseService::__callStatic('createRequest', [...])
20 SYSTEMPATH\CodeIgniter.php(355): CodeIgniter\CodeIgniter->getRequestObject()
21 FCPATH\index.php(79): CodeIgniter\CodeIgniter->run()
CRITICAL - 2024-07-18 14:27:59 --> ErrorException: Uncaught CodeIgniter\Exceptions\ConfigException: Config\App::$baseURL "http://spk_maut.test/" is not a valid URL. in E:\laragon\www\spk_maut\vendor\codeigniter4\framework\system\HTTP\SiteURI.php:199
Stack trace:
#0 E:\laragon\www\spk_maut\vendor\codeigniter4\framework\system\HTTP\SiteURI.php(145): CodeIgniter\HTTP\SiteURI->normalizeBaseURL(Object(Config\App))
#1 E:\laragon\www\spk_maut\vendor\codeigniter4\framework\system\HTTP\SiteURI.php(100): CodeIgniter\HTTP\SiteURI->determineBaseURL(Object(Config\App), NULL, NULL)
#2 E:\laragon\www\spk_maut\vendor\codeigniter4\framework\system\HTTP\SiteURIFactory.php(224): CodeIgniter\HTTP\SiteURI->__construct(Object(Config\App), '/', NULL)
#3 E:\laragon\www\spk_maut\vendor\codeigniter4\framework\system\HTTP\SiteURIFactory.php(45): CodeIgniter\HTTP\SiteURIFactory->createURIFromRoutePath('/')
#4 E:\laragon\www\spk_maut\vendor\codeigniter4\framework\system\Config\Services.php(799): CodeIgniter\HTTP\SiteURIFactory->createFromGlobals()
#5 E:\laragon\www\spk_maut\vendor\codeigniter4\framework\system\Config\BaseService.php(258): CodeIgniter\Config\Services::uri(NULL, false)
#6 E:\laragon\www\spk_maut\vendor\codeigniter4\framework\system\Config\BaseService.php(199): CodeIgniter\Config\BaseService::__callStatic('uri', Array)
#7 E:\laragon\www\spk_maut\vendor\codeigniter4\framework\system\Config\Services.php(792): CodeIgniter\Config\BaseService::getSharedInstance('uri', NULL)
#8 E:\laragon\www\spk_maut\vendor\codeigniter4\framework\system\Config\BaseService.php(258): CodeIgniter\Config\Services::uri()
#9 E:\laragon\www\spk_maut\vendor\codeigniter4\framework\system\Config\Services.php(566): CodeIgniter\Config\BaseService::__callStatic('uri', Array)
#10 E:\laragon\www\spk_maut\vendor\codeigniter4\framework\system\Config\BaseService.php(258): CodeIgniter\Config\Services::incomingrequest(Object(Config\App), false)
#11 E:\laragon\www\spk_maut\vendor\codeigniter4\framework\system\Config\Services.php(524): CodeIgniter\Config\BaseService::__callStatic('incomingrequest', Array)
#12 E:\laragon\www\spk_maut\vendor\codeigniter4\framework\system\Config\BaseService.php(258): CodeIgniter\Config\Services::request(NULL, false)
#13 E:\laragon\www\spk_maut\vendor\codeigniter4\framework\system\Config\BaseService.php(199): CodeIgniter\Config\BaseService::__callStatic('request', Array)
#14 E:\laragon\www\spk_maut\vendor\codeigniter4\framework\system\Config\Services.php(520): CodeIgniter\Config\BaseService::getSharedInstance('request', NULL)
#15 E:\laragon\www\spk_maut\vendor\codeigniter4\framework\system\Config\BaseService.php(258): CodeIgniter\Config\Services::request()
#16 E:\laragon\www\spk_maut\vendor\codeigniter4\framework\system\Debug\Exceptions.php(150): CodeIgniter\Config\BaseService::__callStatic('request', Array)
#17 [internal function]: CodeIgniter\Debug\Exceptions->exceptionHandler(Object(CodeIgniter\Exceptions\ConfigException))
#18 {main}
  thrown
【Previous Exception】
CodeIgniter\Exceptions\ConfigException
Config\App::$baseURL "http://spk_maut.test/" is not a valid URL.
#0 E:\laragon\www\spk_maut\vendor\codeigniter4\framework\system\HTTP\SiteURI.php(145): CodeIgniter\HTTP\SiteURI->normalizeBaseURL(Object(Config\App))
#1 E:\laragon\www\spk_maut\vendor\codeigniter4\framework\system\HTTP\SiteURI.php(100): CodeIgniter\HTTP\SiteURI->determineBaseURL(Object(Config\App), NULL, NULL)
#2 E:\laragon\www\spk_maut\vendor\codeigniter4\framework\system\HTTP\SiteURIFactory.php(224): CodeIgniter\HTTP\SiteURI->__construct(Object(Config\App), '/', NULL)
#3 E:\laragon\www\spk_maut\vendor\codeigniter4\framework\system\HTTP\SiteURIFactory.php(45): CodeIgniter\HTTP\SiteURIFactory->createURIFromRoutePath('/')
#4 E:\laragon\www\spk_maut\vendor\codeigniter4\framework\system\Config\Services.php(799): CodeIgniter\HTTP\SiteURIFactory->createFromGlobals()
#5 E:\laragon\www\spk_maut\vendor\codeigniter4\framework\system\Config\BaseService.php(258): CodeIgniter\Config\Services::uri(NULL, false)
#6 E:\laragon\www\spk_maut\vendor\codeigniter4\framework\system\Config\BaseService.php(199): CodeIgniter\Config\BaseService::__callStatic('uri', Array)
#7 E:\laragon\www\spk_maut\vendor\codeigniter4\framework\system\Config\Services.php(792): CodeIgniter\Config\BaseService::getSharedInstance('uri', NULL)
#8 E:\laragon\www\spk_maut\vendor\codeigniter4\framework\system\Config\BaseService.php(258): CodeIgniter\Config\Services::uri()
#9 E:\laragon\www\spk_maut\vendor\codeigniter4\framework\system\Config\Services.php(566): CodeIgniter\Config\BaseService::__callStatic('uri', Array)
#10 E:\laragon\www\spk_maut\vendor\codeigniter4\framework\system\Config\BaseService.php(258): CodeIgniter\Config\Services::incomingrequest(Object(Config\App), false)
#11 E:\laragon\www\spk_maut\vendor\codeigniter4\framework\system\Config\Services.php(524): CodeIgniter\Config\BaseService::__callStatic('incomingrequest', Array)
#12 E:\laragon\www\spk_maut\vendor\codeigniter4\framework\system\Config\BaseService.php(258): CodeIgniter\Config\Services::request(Object(Config\App), false)
#13 E:\laragon\www\spk_maut\vendor\codeigniter4\framework\system\Config\BaseService.php(199): CodeIgniter\Config\BaseService::__callStatic('request', Array)
#14 E:\laragon\www\spk_maut\vendor\codeigniter4\framework\system\Config\Services.php(559): CodeIgniter\Config\BaseService::getSharedInstance('request', Object(Config\App))
#15 E:\laragon\www\spk_maut\vendor\codeigniter4\framework\system\Config\BaseService.php(258): CodeIgniter\Config\Services::incomingrequest(Object(Config\App))
#16 E:\laragon\www\spk_maut\vendor\codeigniter4\framework\system\Config\Services.php(539): CodeIgniter\Config\BaseService::__callStatic('incomingrequest', Array)
#17 E:\laragon\www\spk_maut\vendor\codeigniter4\framework\system\Config\BaseService.php(258): CodeIgniter\Config\Services::createRequest(Object(Config\App))
#18 E:\laragon\www\spk_maut\vendor\codeigniter4\framework\system\CodeIgniter.php(655): CodeIgniter\Config\BaseService::__callStatic('createRequest', Array)
#19 E:\laragon\www\spk_maut\vendor\codeigniter4\framework\system\CodeIgniter.php(355): CodeIgniter\CodeIgniter->getRequestObject()
#20 E:\laragon\www\spk_maut\public\index.php(79): CodeIgniter\CodeIgniter->run()
#21 {main}
in SYSTEMPATH\HTTP\SiteURI.php on line 199.
 1 [internal function]: CodeIgniter\Debug\Exceptions->shutdownHandler()
CRITICAL - 2024-07-18 14:28:05 --> CodeIgniter\Exceptions\ConfigException: Config\App::$baseURL "http://spk_maut.test/" is not a valid URL.
in SYSTEMPATH\HTTP\SiteURI.php on line 199.
 1 SYSTEMPATH\HTTP\SiteURI.php(145): CodeIgniter\HTTP\SiteURI->normalizeBaseURL(Object(Config\App))
 2 SYSTEMPATH\HTTP\SiteURI.php(100): CodeIgniter\HTTP\SiteURI->determineBaseURL(Object(Config\App), null, null)
 3 SYSTEMPATH\HTTP\SiteURIFactory.php(224): CodeIgniter\HTTP\SiteURI->__construct(Object(Config\App), '/', null)
 4 SYSTEMPATH\HTTP\SiteURIFactory.php(45): CodeIgniter\HTTP\SiteURIFactory->createURIFromRoutePath('/')
 5 SYSTEMPATH\Config\Services.php(799): CodeIgniter\HTTP\SiteURIFactory->createFromGlobals()
 6 SYSTEMPATH\Config\BaseService.php(258): CodeIgniter\Config\Services::uri(null, false)
 7 SYSTEMPATH\Config\BaseService.php(199): CodeIgniter\Config\BaseService::__callStatic('uri', [...])
 8 SYSTEMPATH\Config\Services.php(792): CodeIgniter\Config\BaseService::getSharedInstance('uri', null)
 9 SYSTEMPATH\Config\BaseService.php(258): CodeIgniter\Config\Services::uri()
10 SYSTEMPATH\Config\Services.php(566): CodeIgniter\Config\BaseService::__callStatic('uri', [])
11 SYSTEMPATH\Config\BaseService.php(258): CodeIgniter\Config\Services::incomingrequest(Object(Config\App), false)
12 SYSTEMPATH\Config\Services.php(524): CodeIgniter\Config\BaseService::__callStatic('incomingrequest', [...])
13 SYSTEMPATH\Config\BaseService.php(258): CodeIgniter\Config\Services::request(Object(Config\App), false)
14 SYSTEMPATH\Config\BaseService.php(199): CodeIgniter\Config\BaseService::__callStatic('request', [...])
15 SYSTEMPATH\Config\Services.php(559): CodeIgniter\Config\BaseService::getSharedInstance('request', Object(Config\App))
16 SYSTEMPATH\Config\BaseService.php(258): CodeIgniter\Config\Services::incomingrequest(Object(Config\App))
17 SYSTEMPATH\Config\Services.php(539): CodeIgniter\Config\BaseService::__callStatic('incomingrequest', [...])
18 SYSTEMPATH\Config\BaseService.php(258): CodeIgniter\Config\Services::createRequest(Object(Config\App))
19 SYSTEMPATH\CodeIgniter.php(655): CodeIgniter\Config\BaseService::__callStatic('createRequest', [...])
20 SYSTEMPATH\CodeIgniter.php(355): CodeIgniter\CodeIgniter->getRequestObject()
21 FCPATH\index.php(79): CodeIgniter\CodeIgniter->run()
CRITICAL - 2024-07-18 14:28:05 --> ErrorException: Uncaught CodeIgniter\Exceptions\ConfigException: Config\App::$baseURL "http://spk_maut.test/" is not a valid URL. in E:\laragon\www\spk_maut\vendor\codeigniter4\framework\system\HTTP\SiteURI.php:199
Stack trace:
#0 E:\laragon\www\spk_maut\vendor\codeigniter4\framework\system\HTTP\SiteURI.php(145): CodeIgniter\HTTP\SiteURI->normalizeBaseURL(Object(Config\App))
#1 E:\laragon\www\spk_maut\vendor\codeigniter4\framework\system\HTTP\SiteURI.php(100): CodeIgniter\HTTP\SiteURI->determineBaseURL(Object(Config\App), NULL, NULL)
#2 E:\laragon\www\spk_maut\vendor\codeigniter4\framework\system\HTTP\SiteURIFactory.php(224): CodeIgniter\HTTP\SiteURI->__construct(Object(Config\App), '/', NULL)
#3 E:\laragon\www\spk_maut\vendor\codeigniter4\framework\system\HTTP\SiteURIFactory.php(45): CodeIgniter\HTTP\SiteURIFactory->createURIFromRoutePath('/')
#4 E:\laragon\www\spk_maut\vendor\codeigniter4\framework\system\Config\Services.php(799): CodeIgniter\HTTP\SiteURIFactory->createFromGlobals()
#5 E:\laragon\www\spk_maut\vendor\codeigniter4\framework\system\Config\BaseService.php(258): CodeIgniter\Config\Services::uri(NULL, false)
#6 E:\laragon\www\spk_maut\vendor\codeigniter4\framework\system\Config\BaseService.php(199): CodeIgniter\Config\BaseService::__callStatic('uri', Array)
#7 E:\laragon\www\spk_maut\vendor\codeigniter4\framework\system\Config\Services.php(792): CodeIgniter\Config\BaseService::getSharedInstance('uri', NULL)
#8 E:\laragon\www\spk_maut\vendor\codeigniter4\framework\system\Config\BaseService.php(258): CodeIgniter\Config\Services::uri()
#9 E:\laragon\www\spk_maut\vendor\codeigniter4\framework\system\Config\Services.php(566): CodeIgniter\Config\BaseService::__callStatic('uri', Array)
#10 E:\laragon\www\spk_maut\vendor\codeigniter4\framework\system\Config\BaseService.php(258): CodeIgniter\Config\Services::incomingrequest(Object(Config\App), false)
#11 E:\laragon\www\spk_maut\vendor\codeigniter4\framework\system\Config\Services.php(524): CodeIgniter\Config\BaseService::__callStatic('incomingrequest', Array)
#12 E:\laragon\www\spk_maut\vendor\codeigniter4\framework\system\Config\BaseService.php(258): CodeIgniter\Config\Services::request(NULL, false)
#13 E:\laragon\www\spk_maut\vendor\codeigniter4\framework\system\Config\BaseService.php(199): CodeIgniter\Config\BaseService::__callStatic('request', Array)
#14 E:\laragon\www\spk_maut\vendor\codeigniter4\framework\system\Config\Services.php(520): CodeIgniter\Config\BaseService::getSharedInstance('request', NULL)
#15 E:\laragon\www\spk_maut\vendor\codeigniter4\framework\system\Config\BaseService.php(258): CodeIgniter\Config\Services::request()
#16 E:\laragon\www\spk_maut\vendor\codeigniter4\framework\system\Debug\Exceptions.php(150): CodeIgniter\Config\BaseService::__callStatic('request', Array)
#17 [internal function]: CodeIgniter\Debug\Exceptions->exceptionHandler(Object(CodeIgniter\Exceptions\ConfigException))
#18 {main}
  thrown
【Previous Exception】
CodeIgniter\Exceptions\ConfigException
Config\App::$baseURL "http://spk_maut.test/" is not a valid URL.
#0 E:\laragon\www\spk_maut\vendor\codeigniter4\framework\system\HTTP\SiteURI.php(145): CodeIgniter\HTTP\SiteURI->normalizeBaseURL(Object(Config\App))
#1 E:\laragon\www\spk_maut\vendor\codeigniter4\framework\system\HTTP\SiteURI.php(100): CodeIgniter\HTTP\SiteURI->determineBaseURL(Object(Config\App), NULL, NULL)
#2 E:\laragon\www\spk_maut\vendor\codeigniter4\framework\system\HTTP\SiteURIFactory.php(224): CodeIgniter\HTTP\SiteURI->__construct(Object(Config\App), '/', NULL)
#3 E:\laragon\www\spk_maut\vendor\codeigniter4\framework\system\HTTP\SiteURIFactory.php(45): CodeIgniter\HTTP\SiteURIFactory->createURIFromRoutePath('/')
#4 E:\laragon\www\spk_maut\vendor\codeigniter4\framework\system\Config\Services.php(799): CodeIgniter\HTTP\SiteURIFactory->createFromGlobals()
#5 E:\laragon\www\spk_maut\vendor\codeigniter4\framework\system\Config\BaseService.php(258): CodeIgniter\Config\Services::uri(NULL, false)
#6 E:\laragon\www\spk_maut\vendor\codeigniter4\framework\system\Config\BaseService.php(199): CodeIgniter\Config\BaseService::__callStatic('uri', Array)
#7 E:\laragon\www\spk_maut\vendor\codeigniter4\framework\system\Config\Services.php(792): CodeIgniter\Config\BaseService::getSharedInstance('uri', NULL)
#8 E:\laragon\www\spk_maut\vendor\codeigniter4\framework\system\Config\BaseService.php(258): CodeIgniter\Config\Services::uri()
#9 E:\laragon\www\spk_maut\vendor\codeigniter4\framework\system\Config\Services.php(566): CodeIgniter\Config\BaseService::__callStatic('uri', Array)
#10 E:\laragon\www\spk_maut\vendor\codeigniter4\framework\system\Config\BaseService.php(258): CodeIgniter\Config\Services::incomingrequest(Object(Config\App), false)
#11 E:\laragon\www\spk_maut\vendor\codeigniter4\framework\system\Config\Services.php(524): CodeIgniter\Config\BaseService::__callStatic('incomingrequest', Array)
#12 E:\laragon\www\spk_maut\vendor\codeigniter4\framework\system\Config\BaseService.php(258): CodeIgniter\Config\Services::request(Object(Config\App), false)
#13 E:\laragon\www\spk_maut\vendor\codeigniter4\framework\system\Config\BaseService.php(199): CodeIgniter\Config\BaseService::__callStatic('request', Array)
#14 E:\laragon\www\spk_maut\vendor\codeigniter4\framework\system\Config\Services.php(559): CodeIgniter\Config\BaseService::getSharedInstance('request', Object(Config\App))
#15 E:\laragon\www\spk_maut\vendor\codeigniter4\framework\system\Config\BaseService.php(258): CodeIgniter\Config\Services::incomingrequest(Object(Config\App))
#16 E:\laragon\www\spk_maut\vendor\codeigniter4\framework\system\Config\Services.php(539): CodeIgniter\Config\BaseService::__callStatic('incomingrequest', Array)
#17 E:\laragon\www\spk_maut\vendor\codeigniter4\framework\system\Config\BaseService.php(258): CodeIgniter\Config\Services::createRequest(Object(Config\App))
#18 E:\laragon\www\spk_maut\vendor\codeigniter4\framework\system\CodeIgniter.php(655): CodeIgniter\Config\BaseService::__callStatic('createRequest', Array)
#19 E:\laragon\www\spk_maut\vendor\codeigniter4\framework\system\CodeIgniter.php(355): CodeIgniter\CodeIgniter->getRequestObject()
#20 E:\laragon\www\spk_maut\public\index.php(79): CodeIgniter\CodeIgniter->run()
#21 {main}
in SYSTEMPATH\HTTP\SiteURI.php on line 199.
 1 [internal function]: CodeIgniter\Debug\Exceptions->shutdownHandler()
CRITICAL - 2024-07-18 14:29:23 --> CodeIgniter\Exceptions\ConfigException: Config\App::$baseURL "http://spk_maut.test/" is not a valid URL.
in SYSTEMPATH\HTTP\SiteURI.php on line 199.
 1 SYSTEMPATH\HTTP\SiteURI.php(145): CodeIgniter\HTTP\SiteURI->normalizeBaseURL(Object(Config\App))
 2 SYSTEMPATH\HTTP\SiteURI.php(100): CodeIgniter\HTTP\SiteURI->determineBaseURL(Object(Config\App), null, null)
 3 SYSTEMPATH\HTTP\SiteURIFactory.php(224): CodeIgniter\HTTP\SiteURI->__construct(Object(Config\App), '/', null)
 4 SYSTEMPATH\HTTP\SiteURIFactory.php(45): CodeIgniter\HTTP\SiteURIFactory->createURIFromRoutePath('/')
 5 SYSTEMPATH\Config\Services.php(799): CodeIgniter\HTTP\SiteURIFactory->createFromGlobals()
 6 SYSTEMPATH\Config\BaseService.php(258): CodeIgniter\Config\Services::uri(null, false)
 7 SYSTEMPATH\Config\BaseService.php(199): CodeIgniter\Config\BaseService::__callStatic('uri', [...])
 8 SYSTEMPATH\Config\Services.php(792): CodeIgniter\Config\BaseService::getSharedInstance('uri', null)
 9 SYSTEMPATH\Config\BaseService.php(258): CodeIgniter\Config\Services::uri()
10 SYSTEMPATH\Config\Services.php(566): CodeIgniter\Config\BaseService::__callStatic('uri', [])
11 SYSTEMPATH\Config\BaseService.php(258): CodeIgniter\Config\Services::incomingrequest(Object(Config\App), false)
12 SYSTEMPATH\Config\Services.php(524): CodeIgniter\Config\BaseService::__callStatic('incomingrequest', [...])
13 SYSTEMPATH\Config\BaseService.php(258): CodeIgniter\Config\Services::request(Object(Config\App), false)
14 SYSTEMPATH\Config\BaseService.php(199): CodeIgniter\Config\BaseService::__callStatic('request', [...])
15 SYSTEMPATH\Config\Services.php(559): CodeIgniter\Config\BaseService::getSharedInstance('request', Object(Config\App))
16 SYSTEMPATH\Config\BaseService.php(258): CodeIgniter\Config\Services::incomingrequest(Object(Config\App))
17 SYSTEMPATH\Config\Services.php(539): CodeIgniter\Config\BaseService::__callStatic('incomingrequest', [...])
18 SYSTEMPATH\Config\BaseService.php(258): CodeIgniter\Config\Services::createRequest(Object(Config\App))
19 SYSTEMPATH\CodeIgniter.php(655): CodeIgniter\Config\BaseService::__callStatic('createRequest', [...])
20 SYSTEMPATH\CodeIgniter.php(355): CodeIgniter\CodeIgniter->getRequestObject()
21 FCPATH\index.php(79): CodeIgniter\CodeIgniter->run()
CRITICAL - 2024-07-18 14:29:23 --> ErrorException: Uncaught CodeIgniter\Exceptions\ConfigException: Config\App::$baseURL "http://spk_maut.test/" is not a valid URL. in E:\laragon\www\spk_maut\vendor\codeigniter4\framework\system\HTTP\SiteURI.php:199
Stack trace:
#0 E:\laragon\www\spk_maut\vendor\codeigniter4\framework\system\HTTP\SiteURI.php(145): CodeIgniter\HTTP\SiteURI->normalizeBaseURL(Object(Config\App))
#1 E:\laragon\www\spk_maut\vendor\codeigniter4\framework\system\HTTP\SiteURI.php(100): CodeIgniter\HTTP\SiteURI->determineBaseURL(Object(Config\App), NULL, NULL)
#2 E:\laragon\www\spk_maut\vendor\codeigniter4\framework\system\HTTP\SiteURIFactory.php(224): CodeIgniter\HTTP\SiteURI->__construct(Object(Config\App), '/', NULL)
#3 E:\laragon\www\spk_maut\vendor\codeigniter4\framework\system\HTTP\SiteURIFactory.php(45): CodeIgniter\HTTP\SiteURIFactory->createURIFromRoutePath('/')
#4 E:\laragon\www\spk_maut\vendor\codeigniter4\framework\system\Config\Services.php(799): CodeIgniter\HTTP\SiteURIFactory->createFromGlobals()
#5 E:\laragon\www\spk_maut\vendor\codeigniter4\framework\system\Config\BaseService.php(258): CodeIgniter\Config\Services::uri(NULL, false)
#6 E:\laragon\www\spk_maut\vendor\codeigniter4\framework\system\Config\BaseService.php(199): CodeIgniter\Config\BaseService::__callStatic('uri', Array)
#7 E:\laragon\www\spk_maut\vendor\codeigniter4\framework\system\Config\Services.php(792): CodeIgniter\Config\BaseService::getSharedInstance('uri', NULL)
#8 E:\laragon\www\spk_maut\vendor\codeigniter4\framework\system\Config\BaseService.php(258): CodeIgniter\Config\Services::uri()
#9 E:\laragon\www\spk_maut\vendor\codeigniter4\framework\system\Config\Services.php(566): CodeIgniter\Config\BaseService::__callStatic('uri', Array)
#10 E:\laragon\www\spk_maut\vendor\codeigniter4\framework\system\Config\BaseService.php(258): CodeIgniter\Config\Services::incomingrequest(Object(Config\App), false)
#11 E:\laragon\www\spk_maut\vendor\codeigniter4\framework\system\Config\Services.php(524): CodeIgniter\Config\BaseService::__callStatic('incomingrequest', Array)
#12 E:\laragon\www\spk_maut\vendor\codeigniter4\framework\system\Config\BaseService.php(258): CodeIgniter\Config\Services::request(NULL, false)
#13 E:\laragon\www\spk_maut\vendor\codeigniter4\framework\system\Config\BaseService.php(199): CodeIgniter\Config\BaseService::__callStatic('request', Array)
#14 E:\laragon\www\spk_maut\vendor\codeigniter4\framework\system\Config\Services.php(520): CodeIgniter\Config\BaseService::getSharedInstance('request', NULL)
#15 E:\laragon\www\spk_maut\vendor\codeigniter4\framework\system\Config\BaseService.php(258): CodeIgniter\Config\Services::request()
#16 E:\laragon\www\spk_maut\vendor\codeigniter4\framework\system\Debug\Exceptions.php(150): CodeIgniter\Config\BaseService::__callStatic('request', Array)
#17 [internal function]: CodeIgniter\Debug\Exceptions->exceptionHandler(Object(CodeIgniter\Exceptions\ConfigException))
#18 {main}
  thrown
【Previous Exception】
CodeIgniter\Exceptions\ConfigException
Config\App::$baseURL "http://spk_maut.test/" is not a valid URL.
#0 E:\laragon\www\spk_maut\vendor\codeigniter4\framework\system\HTTP\SiteURI.php(145): CodeIgniter\HTTP\SiteURI->normalizeBaseURL(Object(Config\App))
#1 E:\laragon\www\spk_maut\vendor\codeigniter4\framework\system\HTTP\SiteURI.php(100): CodeIgniter\HTTP\SiteURI->determineBaseURL(Object(Config\App), NULL, NULL)
#2 E:\laragon\www\spk_maut\vendor\codeigniter4\framework\system\HTTP\SiteURIFactory.php(224): CodeIgniter\HTTP\SiteURI->__construct(Object(Config\App), '/', NULL)
#3 E:\laragon\www\spk_maut\vendor\codeigniter4\framework\system\HTTP\SiteURIFactory.php(45): CodeIgniter\HTTP\SiteURIFactory->createURIFromRoutePath('/')
#4 E:\laragon\www\spk_maut\vendor\codeigniter4\framework\system\Config\Services.php(799): CodeIgniter\HTTP\SiteURIFactory->createFromGlobals()
#5 E:\laragon\www\spk_maut\vendor\codeigniter4\framework\system\Config\BaseService.php(258): CodeIgniter\Config\Services::uri(NULL, false)
#6 E:\laragon\www\spk_maut\vendor\codeigniter4\framework\system\Config\BaseService.php(199): CodeIgniter\Config\BaseService::__callStatic('uri', Array)
#7 E:\laragon\www\spk_maut\vendor\codeigniter4\framework\system\Config\Services.php(792): CodeIgniter\Config\BaseService::getSharedInstance('uri', NULL)
#8 E:\laragon\www\spk_maut\vendor\codeigniter4\framework\system\Config\BaseService.php(258): CodeIgniter\Config\Services::uri()
#9 E:\laragon\www\spk_maut\vendor\codeigniter4\framework\system\Config\Services.php(566): CodeIgniter\Config\BaseService::__callStatic('uri', Array)
#10 E:\laragon\www\spk_maut\vendor\codeigniter4\framework\system\Config\BaseService.php(258): CodeIgniter\Config\Services::incomingrequest(Object(Config\App), false)
#11 E:\laragon\www\spk_maut\vendor\codeigniter4\framework\system\Config\Services.php(524): CodeIgniter\Config\BaseService::__callStatic('incomingrequest', Array)
#12 E:\laragon\www\spk_maut\vendor\codeigniter4\framework\system\Config\BaseService.php(258): CodeIgniter\Config\Services::request(Object(Config\App), false)
#13 E:\laragon\www\spk_maut\vendor\codeigniter4\framework\system\Config\BaseService.php(199): CodeIgniter\Config\BaseService::__callStatic('request', Array)
#14 E:\laragon\www\spk_maut\vendor\codeigniter4\framework\system\Config\Services.php(559): CodeIgniter\Config\BaseService::getSharedInstance('request', Object(Config\App))
#15 E:\laragon\www\spk_maut\vendor\codeigniter4\framework\system\Config\BaseService.php(258): CodeIgniter\Config\Services::incomingrequest(Object(Config\App))
#16 E:\laragon\www\spk_maut\vendor\codeigniter4\framework\system\Config\Services.php(539): CodeIgniter\Config\BaseService::__callStatic('incomingrequest', Array)
#17 E:\laragon\www\spk_maut\vendor\codeigniter4\framework\system\Config\BaseService.php(258): CodeIgniter\Config\Services::createRequest(Object(Config\App))
#18 E:\laragon\www\spk_maut\vendor\codeigniter4\framework\system\CodeIgniter.php(655): CodeIgniter\Config\BaseService::__callStatic('createRequest', Array)
#19 E:\laragon\www\spk_maut\vendor\codeigniter4\framework\system\CodeIgniter.php(355): CodeIgniter\CodeIgniter->getRequestObject()
#20 E:\laragon\www\spk_maut\public\index.php(79): CodeIgniter\CodeIgniter->run()
#21 {main}
in SYSTEMPATH\HTTP\SiteURI.php on line 199.
 1 [internal function]: CodeIgniter\Debug\Exceptions->shutdownHandler()
INFO - 2024-07-18 14:38:41 --> Session: Class initialized using 'CodeIgniter\Session\Handlers\FileHandler' driver.
INFO - 2024-07-18 14:39:11 --> Session: Class initialized using 'CodeIgniter\Session\Handlers\FileHandler' driver.
INFO - 2024-07-18 14:41:04 --> Session: Class initialized using 'CodeIgniter\Session\Handlers\FileHandler' driver.
INFO - 2024-07-18 14:46:48 --> Session: Class initialized using 'CodeIgniter\Session\Handlers\FileHandler' driver.
INFO - 2024-07-18 14:46:51 --> Session: Class initialized using 'CodeIgniter\Session\Handlers\FileHandler' driver.
INFO - 2024-07-18 14:47:27 --> Session: Class initialized using 'CodeIgniter\Session\Handlers\FileHandler' driver.
INFO - 2024-07-18 14:47:30 --> Session: Class initialized using 'CodeIgniter\Session\Handlers\FileHandler' driver.
INFO - 2024-07-18 14:47:31 --> Session: Class initialized using 'CodeIgniter\Session\Handlers\FileHandler' driver.
CRITICAL - 2024-07-18 14:47:49 --> CodeIgniter\Exceptions\ConfigException: Config\App::$baseURL "http://spk_maut.test/" is not a valid URL.
in SYSTEMPATH\HTTP\SiteURI.php on line 199.
 1 SYSTEMPATH\HTTP\SiteURI.php(145): CodeIgniter\HTTP\SiteURI->normalizeBaseURL(Object(Config\App))
 2 SYSTEMPATH\HTTP\SiteURI.php(100): CodeIgniter\HTTP\SiteURI->determineBaseURL(Object(Config\App), null, null)
 3 SYSTEMPATH\HTTP\SiteURIFactory.php(224): CodeIgniter\HTTP\SiteURI->__construct(Object(Config\App), 'kriteria', null)
 4 SYSTEMPATH\HTTP\SiteURIFactory.php(45): CodeIgniter\HTTP\SiteURIFactory->createURIFromRoutePath('kriteria')
 5 SYSTEMPATH\Config\Services.php(799): CodeIgniter\HTTP\SiteURIFactory->createFromGlobals()
 6 SYSTEMPATH\Config\BaseService.php(258): CodeIgniter\Config\Services::uri(null, false)
 7 SYSTEMPATH\Config\BaseService.php(199): CodeIgniter\Config\BaseService::__callStatic('uri', [...])
 8 SYSTEMPATH\Config\Services.php(792): CodeIgniter\Config\BaseService::getSharedInstance('uri', null)
 9 SYSTEMPATH\Config\BaseService.php(258): CodeIgniter\Config\Services::uri()
10 SYSTEMPATH\Config\Services.php(566): CodeIgniter\Config\BaseService::__callStatic('uri', [])
11 SYSTEMPATH\Config\BaseService.php(258): CodeIgniter\Config\Services::incomingrequest(Object(Config\App), false)
12 SYSTEMPATH\Config\Services.php(524): CodeIgniter\Config\BaseService::__callStatic('incomingrequest', [...])
13 SYSTEMPATH\Config\BaseService.php(258): CodeIgniter\Config\Services::request(Object(Config\App), false)
14 SYSTEMPATH\Config\BaseService.php(199): CodeIgniter\Config\BaseService::__callStatic('request', [...])
15 SYSTEMPATH\Config\Services.php(559): CodeIgniter\Config\BaseService::getSharedInstance('request', Object(Config\App))
16 SYSTEMPATH\Config\BaseService.php(258): CodeIgniter\Config\Services::incomingrequest(Object(Config\App))
17 SYSTEMPATH\Config\Services.php(539): CodeIgniter\Config\BaseService::__callStatic('incomingrequest', [...])
18 SYSTEMPATH\Config\BaseService.php(258): CodeIgniter\Config\Services::createRequest(Object(Config\App))
19 SYSTEMPATH\CodeIgniter.php(655): CodeIgniter\Config\BaseService::__callStatic('createRequest', [...])
20 SYSTEMPATH\CodeIgniter.php(355): CodeIgniter\CodeIgniter->getRequestObject()
21 FCPATH\index.php(79): CodeIgniter\CodeIgniter->run()
CRITICAL - 2024-07-18 14:47:49 --> ErrorException: Uncaught CodeIgniter\Exceptions\ConfigException: Config\App::$baseURL "http://spk_maut.test/" is not a valid URL. in E:\laragon\www\spk_maut\vendor\codeigniter4\framework\system\HTTP\SiteURI.php:199
Stack trace:
#0 E:\laragon\www\spk_maut\vendor\codeigniter4\framework\system\HTTP\SiteURI.php(145): CodeIgniter\HTTP\SiteURI->normalizeBaseURL(Object(Config\App))
#1 E:\laragon\www\spk_maut\vendor\codeigniter4\framework\system\HTTP\SiteURI.php(100): CodeIgniter\HTTP\SiteURI->determineBaseURL(Object(Config\App), NULL, NULL)
#2 E:\laragon\www\spk_maut\vendor\codeigniter4\framework\system\HTTP\SiteURIFactory.php(224): CodeIgniter\HTTP\SiteURI->__construct(Object(Config\App), 'kriteria', NULL)
#3 E:\laragon\www\spk_maut\vendor\codeigniter4\framework\system\HTTP\SiteURIFactory.php(45): CodeIgniter\HTTP\SiteURIFactory->createURIFromRoutePath('kriteria')
#4 E:\laragon\www\spk_maut\vendor\codeigniter4\framework\system\Config\Services.php(799): CodeIgniter\HTTP\SiteURIFactory->createFromGlobals()
#5 E:\laragon\www\spk_maut\vendor\codeigniter4\framework\system\Config\BaseService.php(258): CodeIgniter\Config\Services::uri(NULL, false)
#6 E:\laragon\www\spk_maut\vendor\codeigniter4\framework\system\Config\BaseService.php(199): CodeIgniter\Config\BaseService::__callStatic('uri', Array)
#7 E:\laragon\www\spk_maut\vendor\codeigniter4\framework\system\Config\Services.php(792): CodeIgniter\Config\BaseService::getSharedInstance('uri', NULL)
#8 E:\laragon\www\spk_maut\vendor\codeigniter4\framework\system\Config\BaseService.php(258): CodeIgniter\Config\Services::uri()
#9 E:\laragon\www\spk_maut\vendor\codeigniter4\framework\system\Config\Services.php(566): CodeIgniter\Config\BaseService::__callStatic('uri', Array)
#10 E:\laragon\www\spk_maut\vendor\codeigniter4\framework\system\Config\BaseService.php(258): CodeIgniter\Config\Services::incomingrequest(Object(Config\App), false)
#11 E:\laragon\www\spk_maut\vendor\codeigniter4\framework\system\Config\Services.php(524): CodeIgniter\Config\BaseService::__callStatic('incomingrequest', Array)
#12 E:\laragon\www\spk_maut\vendor\codeigniter4\framework\system\Config\BaseService.php(258): CodeIgniter\Config\Services::request(NULL, false)
#13 E:\laragon\www\spk_maut\vendor\codeigniter4\framework\system\Config\BaseService.php(199): CodeIgniter\Config\BaseService::__callStatic('request', Array)
#14 E:\laragon\www\spk_maut\vendor\codeigniter4\framework\system\Config\Services.php(520): CodeIgniter\Config\BaseService::getSharedInstance('request', NULL)
#15 E:\laragon\www\spk_maut\vendor\codeigniter4\framework\system\Config\BaseService.php(258): CodeIgniter\Config\Services::request()
#16 E:\laragon\www\spk_maut\vendor\codeigniter4\framework\system\Debug\Exceptions.php(150): CodeIgniter\Config\BaseService::__callStatic('request', Array)
#17 [internal function]: CodeIgniter\Debug\Exceptions->exceptionHandler(Object(CodeIgniter\Exceptions\ConfigException))
#18 {main}
  thrown
【Previous Exception】
CodeIgniter\Exceptions\ConfigException
Config\App::$baseURL "http://spk_maut.test/" is not a valid URL.
#0 E:\laragon\www\spk_maut\vendor\codeigniter4\framework\system\HTTP\SiteURI.php(145): CodeIgniter\HTTP\SiteURI->normalizeBaseURL(Object(Config\App))
#1 E:\laragon\www\spk_maut\vendor\codeigniter4\framework\system\HTTP\SiteURI.php(100): CodeIgniter\HTTP\SiteURI->determineBaseURL(Object(Config\App), NULL, NULL)
#2 E:\laragon\www\spk_maut\vendor\codeigniter4\framework\system\HTTP\SiteURIFactory.php(224): CodeIgniter\HTTP\SiteURI->__construct(Object(Config\App), 'kriteria', NULL)
#3 E:\laragon\www\spk_maut\vendor\codeigniter4\framework\system\HTTP\SiteURIFactory.php(45): CodeIgniter\HTTP\SiteURIFactory->createURIFromRoutePath('kriteria')
#4 E:\laragon\www\spk_maut\vendor\codeigniter4\framework\system\Config\Services.php(799): CodeIgniter\HTTP\SiteURIFactory->createFromGlobals()
#5 E:\laragon\www\spk_maut\vendor\codeigniter4\framework\system\Config\BaseService.php(258): CodeIgniter\Config\Services::uri(NULL, false)
#6 E:\laragon\www\spk_maut\vendor\codeigniter4\framework\system\Config\BaseService.php(199): CodeIgniter\Config\BaseService::__callStatic('uri', Array)
#7 E:\laragon\www\spk_maut\vendor\codeigniter4\framework\system\Config\Services.php(792): CodeIgniter\Config\BaseService::getSharedInstance('uri', NULL)
#8 E:\laragon\www\spk_maut\vendor\codeigniter4\framework\system\Config\BaseService.php(258): CodeIgniter\Config\Services::uri()
#9 E:\laragon\www\spk_maut\vendor\codeigniter4\framework\system\Config\Services.php(566): CodeIgniter\Config\BaseService::__callStatic('uri', Array)
#10 E:\laragon\www\spk_maut\vendor\codeigniter4\framework\system\Config\BaseService.php(258): CodeIgniter\Config\Services::incomingrequest(Object(Config\App), false)
#11 E:\laragon\www\spk_maut\vendor\codeigniter4\framework\system\Config\Services.php(524): CodeIgniter\Config\BaseService::__callStatic('incomingrequest', Array)
#12 E:\laragon\www\spk_maut\vendor\codeigniter4\framework\system\Config\BaseService.php(258): CodeIgniter\Config\Services::request(Object(Config\App), false)
#13 E:\laragon\www\spk_maut\vendor\codeigniter4\framework\system\Config\BaseService.php(199): CodeIgniter\Config\BaseService::__callStatic('request', Array)
#14 E:\laragon\www\spk_maut\vendor\codeigniter4\framework\system\Config\Services.php(559): CodeIgniter\Config\BaseService::getSharedInstance('request', Object(Config\App))
#15 E:\laragon\www\spk_maut\vendor\codeigniter4\framework\system\Config\BaseService.php(258): CodeIgniter\Config\Services::incomingrequest(Object(Config\App))
#16 E:\laragon\www\spk_maut\vendor\codeigniter4\framework\system\Config\Services.php(539): CodeIgniter\Config\BaseService::__callStatic('incomingrequest', Array)
#17 E:\laragon\www\spk_maut\vendor\codeigniter4\framework\system\Config\BaseService.php(258): CodeIgniter\Config\Services::createRequest(Object(Config\App))
#18 E:\laragon\www\spk_maut\vendor\codeigniter4\framework\system\CodeIgniter.php(655): CodeIgniter\Config\BaseService::__callStatic('createRequest', Array)
#19 E:\laragon\www\spk_maut\vendor\codeigniter4\framework\system\CodeIgniter.php(355): CodeIgniter\CodeIgniter->getRequestObject()
#20 E:\laragon\www\spk_maut\public\index.php(79): CodeIgniter\CodeIgniter->run()
#21 {main}
in SYSTEMPATH\HTTP\SiteURI.php on line 199.
 1 [internal function]: CodeIgniter\Debug\Exceptions->shutdownHandler()
CRITICAL - 2024-07-18 14:47:51 --> CodeIgniter\Exceptions\ConfigException: Config\App::$baseURL "http://spk_maut.test/" is not a valid URL.
in SYSTEMPATH\HTTP\SiteURI.php on line 199.
 1 SYSTEMPATH\HTTP\SiteURI.php(145): CodeIgniter\HTTP\SiteURI->normalizeBaseURL(Object(Config\App))
 2 SYSTEMPATH\HTTP\SiteURI.php(100): CodeIgniter\HTTP\SiteURI->determineBaseURL(Object(Config\App), null, null)
 3 SYSTEMPATH\HTTP\SiteURIFactory.php(224): CodeIgniter\HTTP\SiteURI->__construct(Object(Config\App), 'kriteria', null)
 4 SYSTEMPATH\HTTP\SiteURIFactory.php(45): CodeIgniter\HTTP\SiteURIFactory->createURIFromRoutePath('kriteria')
 5 SYSTEMPATH\Config\Services.php(799): CodeIgniter\HTTP\SiteURIFactory->createFromGlobals()
 6 SYSTEMPATH\Config\BaseService.php(258): CodeIgniter\Config\Services::uri(null, false)
 7 SYSTEMPATH\Config\BaseService.php(199): CodeIgniter\Config\BaseService::__callStatic('uri', [...])
 8 SYSTEMPATH\Config\Services.php(792): CodeIgniter\Config\BaseService::getSharedInstance('uri', null)
 9 SYSTEMPATH\Config\BaseService.php(258): CodeIgniter\Config\Services::uri()
10 SYSTEMPATH\Config\Services.php(566): CodeIgniter\Config\BaseService::__callStatic('uri', [])
11 SYSTEMPATH\Config\BaseService.php(258): CodeIgniter\Config\Services::incomingrequest(Object(Config\App), false)
12 SYSTEMPATH\Config\Services.php(524): CodeIgniter\Config\BaseService::__callStatic('incomingrequest', [...])
13 SYSTEMPATH\Config\BaseService.php(258): CodeIgniter\Config\Services::request(Object(Config\App), false)
14 SYSTEMPATH\Config\BaseService.php(199): CodeIgniter\Config\BaseService::__callStatic('request', [...])
15 SYSTEMPATH\Config\Services.php(559): CodeIgniter\Config\BaseService::getSharedInstance('request', Object(Config\App))
16 SYSTEMPATH\Config\BaseService.php(258): CodeIgniter\Config\Services::incomingrequest(Object(Config\App))
17 SYSTEMPATH\Config\Services.php(539): CodeIgniter\Config\BaseService::__callStatic('incomingrequest', [...])
18 SYSTEMPATH\Config\BaseService.php(258): CodeIgniter\Config\Services::createRequest(Object(Config\App))
19 SYSTEMPATH\CodeIgniter.php(655): CodeIgniter\Config\BaseService::__callStatic('createRequest', [...])
20 SYSTEMPATH\CodeIgniter.php(355): CodeIgniter\CodeIgniter->getRequestObject()
21 FCPATH\index.php(79): CodeIgniter\CodeIgniter->run()
CRITICAL - 2024-07-18 14:47:51 --> ErrorException: Uncaught CodeIgniter\Exceptions\ConfigException: Config\App::$baseURL "http://spk_maut.test/" is not a valid URL. in E:\laragon\www\spk_maut\vendor\codeigniter4\framework\system\HTTP\SiteURI.php:199
Stack trace:
#0 E:\laragon\www\spk_maut\vendor\codeigniter4\framework\system\HTTP\SiteURI.php(145): CodeIgniter\HTTP\SiteURI->normalizeBaseURL(Object(Config\App))
#1 E:\laragon\www\spk_maut\vendor\codeigniter4\framework\system\HTTP\SiteURI.php(100): CodeIgniter\HTTP\SiteURI->determineBaseURL(Object(Config\App), NULL, NULL)
#2 E:\laragon\www\spk_maut\vendor\codeigniter4\framework\system\HTTP\SiteURIFactory.php(224): CodeIgniter\HTTP\SiteURI->__construct(Object(Config\App), 'kriteria', NULL)
#3 E:\laragon\www\spk_maut\vendor\codeigniter4\framework\system\HTTP\SiteURIFactory.php(45): CodeIgniter\HTTP\SiteURIFactory->createURIFromRoutePath('kriteria')
#4 E:\laragon\www\spk_maut\vendor\codeigniter4\framework\system\Config\Services.php(799): CodeIgniter\HTTP\SiteURIFactory->createFromGlobals()
#5 E:\laragon\www\spk_maut\vendor\codeigniter4\framework\system\Config\BaseService.php(258): CodeIgniter\Config\Services::uri(NULL, false)
#6 E:\laragon\www\spk_maut\vendor\codeigniter4\framework\system\Config\BaseService.php(199): CodeIgniter\Config\BaseService::__callStatic('uri', Array)
#7 E:\laragon\www\spk_maut\vendor\codeigniter4\framework\system\Config\Services.php(792): CodeIgniter\Config\BaseService::getSharedInstance('uri', NULL)
#8 E:\laragon\www\spk_maut\vendor\codeigniter4\framework\system\Config\BaseService.php(258): CodeIgniter\Config\Services::uri()
#9 E:\laragon\www\spk_maut\vendor\codeigniter4\framework\system\Config\Services.php(566): CodeIgniter\Config\BaseService::__callStatic('uri', Array)
#10 E:\laragon\www\spk_maut\vendor\codeigniter4\framework\system\Config\BaseService.php(258): CodeIgniter\Config\Services::incomingrequest(Object(Config\App), false)
#11 E:\laragon\www\spk_maut\vendor\codeigniter4\framework\system\Config\Services.php(524): CodeIgniter\Config\BaseService::__callStatic('incomingrequest', Array)
#12 E:\laragon\www\spk_maut\vendor\codeigniter4\framework\system\Config\BaseService.php(258): CodeIgniter\Config\Services::request(NULL, false)
#13 E:\laragon\www\spk_maut\vendor\codeigniter4\framework\system\Config\BaseService.php(199): CodeIgniter\Config\BaseService::__callStatic('request', Array)
#14 E:\laragon\www\spk_maut\vendor\codeigniter4\framework\system\Config\Services.php(520): CodeIgniter\Config\BaseService::getSharedInstance('request', NULL)
#15 E:\laragon\www\spk_maut\vendor\codeigniter4\framework\system\Config\BaseService.php(258): CodeIgniter\Config\Services::request()
#16 E:\laragon\www\spk_maut\vendor\codeigniter4\framework\system\Debug\Exceptions.php(150): CodeIgniter\Config\BaseService::__callStatic('request', Array)
#17 [internal function]: CodeIgniter\Debug\Exceptions->exceptionHandler(Object(CodeIgniter\Exceptions\ConfigException))
#18 {main}
  thrown
【Previous Exception】
CodeIgniter\Exceptions\ConfigException
Config\App::$baseURL "http://spk_maut.test/" is not a valid URL.
#0 E:\laragon\www\spk_maut\vendor\codeigniter4\framework\system\HTTP\SiteURI.php(145): CodeIgniter\HTTP\SiteURI->normalizeBaseURL(Object(Config\App))
#1 E:\laragon\www\spk_maut\vendor\codeigniter4\framework\system\HTTP\SiteURI.php(100): CodeIgniter\HTTP\SiteURI->determineBaseURL(Object(Config\App), NULL, NULL)
#2 E:\laragon\www\spk_maut\vendor\codeigniter4\framework\system\HTTP\SiteURIFactory.php(224): CodeIgniter\HTTP\SiteURI->__construct(Object(Config\App), 'kriteria', NULL)
#3 E:\laragon\www\spk_maut\vendor\codeigniter4\framework\system\HTTP\SiteURIFactory.php(45): CodeIgniter\HTTP\SiteURIFactory->createURIFromRoutePath('kriteria')
#4 E:\laragon\www\spk_maut\vendor\codeigniter4\framework\system\Config\Services.php(799): CodeIgniter\HTTP\SiteURIFactory->createFromGlobals()
#5 E:\laragon\www\spk_maut\vendor\codeigniter4\framework\system\Config\BaseService.php(258): CodeIgniter\Config\Services::uri(NULL, false)
#6 E:\laragon\www\spk_maut\vendor\codeigniter4\framework\system\Config\BaseService.php(199): CodeIgniter\Config\BaseService::__callStatic('uri', Array)
#7 E:\laragon\www\spk_maut\vendor\codeigniter4\framework\system\Config\Services.php(792): CodeIgniter\Config\BaseService::getSharedInstance('uri', NULL)
#8 E:\laragon\www\spk_maut\vendor\codeigniter4\framework\system\Config\BaseService.php(258): CodeIgniter\Config\Services::uri()
#9 E:\laragon\www\spk_maut\vendor\codeigniter4\framework\system\Config\Services.php(566): CodeIgniter\Config\BaseService::__callStatic('uri', Array)
#10 E:\laragon\www\spk_maut\vendor\codeigniter4\framework\system\Config\BaseService.php(258): CodeIgniter\Config\Services::incomingrequest(Object(Config\App), false)
#11 E:\laragon\www\spk_maut\vendor\codeigniter4\framework\system\Config\Services.php(524): CodeIgniter\Config\BaseService::__callStatic('incomingrequest', Array)
#12 E:\laragon\www\spk_maut\vendor\codeigniter4\framework\system\Config\BaseService.php(258): CodeIgniter\Config\Services::request(Object(Config\App), false)
#13 E:\laragon\www\spk_maut\vendor\codeigniter4\framework\system\Config\BaseService.php(199): CodeIgniter\Config\BaseService::__callStatic('request', Array)
#14 E:\laragon\www\spk_maut\vendor\codeigniter4\framework\system\Config\Services.php(559): CodeIgniter\Config\BaseService::getSharedInstance('request', Object(Config\App))
#15 E:\laragon\www\spk_maut\vendor\codeigniter4\framework\system\Config\BaseService.php(258): CodeIgniter\Config\Services::incomingrequest(Object(Config\App))
#16 E:\laragon\www\spk_maut\vendor\codeigniter4\framework\system\Config\Services.php(539): CodeIgniter\Config\BaseService::__callStatic('incomingrequest', Array)
#17 E:\laragon\www\spk_maut\vendor\codeigniter4\framework\system\Config\BaseService.php(258): CodeIgniter\Config\Services::createRequest(Object(Config\App))
#18 E:\laragon\www\spk_maut\vendor\codeigniter4\framework\system\CodeIgniter.php(655): CodeIgniter\Config\BaseService::__callStatic('createRequest', Array)
#19 E:\laragon\www\spk_maut\vendor\codeigniter4\framework\system\CodeIgniter.php(355): CodeIgniter\CodeIgniter->getRequestObject()
#20 E:\laragon\www\spk_maut\public\index.php(79): CodeIgniter\CodeIgniter->run()
#21 {main}
in SYSTEMPATH\HTTP\SiteURI.php on line 199.
 1 [internal function]: CodeIgniter\Debug\Exceptions->shutdownHandler()
CRITICAL - 2024-07-18 14:50:28 --> CodeIgniter\Exceptions\ConfigException: Config\App::$baseURL "http://spk_maut.test/" is not a valid URL.
in SYSTEMPATH\HTTP\SiteURI.php on line 199.
 1 SYSTEMPATH\HTTP\SiteURI.php(145): CodeIgniter\HTTP\SiteURI->normalizeBaseURL(Object(Config\App))
 2 SYSTEMPATH\HTTP\SiteURI.php(100): CodeIgniter\HTTP\SiteURI->determineBaseURL(Object(Config\App), null, null)
 3 SYSTEMPATH\HTTP\SiteURIFactory.php(224): CodeIgniter\HTTP\SiteURI->__construct(Object(Config\App), 'kriteria', null)
 4 SYSTEMPATH\HTTP\SiteURIFactory.php(45): CodeIgniter\HTTP\SiteURIFactory->createURIFromRoutePath('kriteria')
 5 SYSTEMPATH\Config\Services.php(799): CodeIgniter\HTTP\SiteURIFactory->createFromGlobals()
 6 SYSTEMPATH\Config\BaseService.php(258): CodeIgniter\Config\Services::uri(null, false)
 7 SYSTEMPATH\Config\BaseService.php(199): CodeIgniter\Config\BaseService::__callStatic('uri', [...])
 8 SYSTEMPATH\Config\Services.php(792): CodeIgniter\Config\BaseService::getSharedInstance('uri', null)
 9 SYSTEMPATH\Config\BaseService.php(258): CodeIgniter\Config\Services::uri()
10 SYSTEMPATH\Config\Services.php(566): CodeIgniter\Config\BaseService::__callStatic('uri', [])
11 SYSTEMPATH\Config\BaseService.php(258): CodeIgniter\Config\Services::incomingrequest(Object(Config\App), false)
12 SYSTEMPATH\Config\Services.php(524): CodeIgniter\Config\BaseService::__callStatic('incomingrequest', [...])
13 SYSTEMPATH\Config\BaseService.php(258): CodeIgniter\Config\Services::request(Object(Config\App), false)
14 SYSTEMPATH\Config\BaseService.php(199): CodeIgniter\Config\BaseService::__callStatic('request', [...])
15 SYSTEMPATH\Config\Services.php(559): CodeIgniter\Config\BaseService::getSharedInstance('request', Object(Config\App))
16 SYSTEMPATH\Config\BaseService.php(258): CodeIgniter\Config\Services::incomingrequest(Object(Config\App))
17 SYSTEMPATH\Config\Services.php(539): CodeIgniter\Config\BaseService::__callStatic('incomingrequest', [...])
18 SYSTEMPATH\Config\BaseService.php(258): CodeIgniter\Config\Services::createRequest(Object(Config\App))
19 SYSTEMPATH\CodeIgniter.php(655): CodeIgniter\Config\BaseService::__callStatic('createRequest', [...])
20 SYSTEMPATH\CodeIgniter.php(355): CodeIgniter\CodeIgniter->getRequestObject()
21 FCPATH\index.php(79): CodeIgniter\CodeIgniter->run()
CRITICAL - 2024-07-18 14:50:28 --> ErrorException: Uncaught CodeIgniter\Exceptions\ConfigException: Config\App::$baseURL "http://spk_maut.test/" is not a valid URL. in E:\laragon\www\spk_maut\vendor\codeigniter4\framework\system\HTTP\SiteURI.php:199
Stack trace:
#0 E:\laragon\www\spk_maut\vendor\codeigniter4\framework\system\HTTP\SiteURI.php(145): CodeIgniter\HTTP\SiteURI->normalizeBaseURL(Object(Config\App))
#1 E:\laragon\www\spk_maut\vendor\codeigniter4\framework\system\HTTP\SiteURI.php(100): CodeIgniter\HTTP\SiteURI->determineBaseURL(Object(Config\App), NULL, NULL)
#2 E:\laragon\www\spk_maut\vendor\codeigniter4\framework\system\HTTP\SiteURIFactory.php(224): CodeIgniter\HTTP\SiteURI->__construct(Object(Config\App), 'kriteria', NULL)
#3 E:\laragon\www\spk_maut\vendor\codeigniter4\framework\system\HTTP\SiteURIFactory.php(45): CodeIgniter\HTTP\SiteURIFactory->createURIFromRoutePath('kriteria')
#4 E:\laragon\www\spk_maut\vendor\codeigniter4\framework\system\Config\Services.php(799): CodeIgniter\HTTP\SiteURIFactory->createFromGlobals()
#5 E:\laragon\www\spk_maut\vendor\codeigniter4\framework\system\Config\BaseService.php(258): CodeIgniter\Config\Services::uri(NULL, false)
#6 E:\laragon\www\spk_maut\vendor\codeigniter4\framework\system\Config\BaseService.php(199): CodeIgniter\Config\BaseService::__callStatic('uri', Array)
#7 E:\laragon\www\spk_maut\vendor\codeigniter4\framework\system\Config\Services.php(792): CodeIgniter\Config\BaseService::getSharedInstance('uri', NULL)
#8 E:\laragon\www\spk_maut\vendor\codeigniter4\framework\system\Config\BaseService.php(258): CodeIgniter\Config\Services::uri()
#9 E:\laragon\www\spk_maut\vendor\codeigniter4\framework\system\Config\Services.php(566): CodeIgniter\Config\BaseService::__callStatic('uri', Array)
#10 E:\laragon\www\spk_maut\vendor\codeigniter4\framework\system\Config\BaseService.php(258): CodeIgniter\Config\Services::incomingrequest(Object(Config\App), false)
#11 E:\laragon\www\spk_maut\vendor\codeigniter4\framework\system\Config\Services.php(524): CodeIgniter\Config\BaseService::__callStatic('incomingrequest', Array)
#12 E:\laragon\www\spk_maut\vendor\codeigniter4\framework\system\Config\BaseService.php(258): CodeIgniter\Config\Services::request(NULL, false)
#13 E:\laragon\www\spk_maut\vendor\codeigniter4\framework\system\Config\BaseService.php(199): CodeIgniter\Config\BaseService::__callStatic('request', Array)
#14 E:\laragon\www\spk_maut\vendor\codeigniter4\framework\system\Config\Services.php(520): CodeIgniter\Config\BaseService::getSharedInstance('request', NULL)
#15 E:\laragon\www\spk_maut\vendor\codeigniter4\framework\system\Config\BaseService.php(258): CodeIgniter\Config\Services::request()
#16 E:\laragon\www\spk_maut\vendor\codeigniter4\framework\system\Debug\Exceptions.php(150): CodeIgniter\Config\BaseService::__callStatic('request', Array)
#17 [internal function]: CodeIgniter\Debug\Exceptions->exceptionHandler(Object(CodeIgniter\Exceptions\ConfigException))
#18 {main}
  thrown
【Previous Exception】
CodeIgniter\Exceptions\ConfigException
Config\App::$baseURL "http://spk_maut.test/" is not a valid URL.
#0 E:\laragon\www\spk_maut\vendor\codeigniter4\framework\system\HTTP\SiteURI.php(145): CodeIgniter\HTTP\SiteURI->normalizeBaseURL(Object(Config\App))
#1 E:\laragon\www\spk_maut\vendor\codeigniter4\framework\system\HTTP\SiteURI.php(100): CodeIgniter\HTTP\SiteURI->determineBaseURL(Object(Config\App), NULL, NULL)
#2 E:\laragon\www\spk_maut\vendor\codeigniter4\framework\system\HTTP\SiteURIFactory.php(224): CodeIgniter\HTTP\SiteURI->__construct(Object(Config\App), 'kriteria', NULL)
#3 E:\laragon\www\spk_maut\vendor\codeigniter4\framework\system\HTTP\SiteURIFactory.php(45): CodeIgniter\HTTP\SiteURIFactory->createURIFromRoutePath('kriteria')
#4 E:\laragon\www\spk_maut\vendor\codeigniter4\framework\system\Config\Services.php(799): CodeIgniter\HTTP\SiteURIFactory->createFromGlobals()
#5 E:\laragon\www\spk_maut\vendor\codeigniter4\framework\system\Config\BaseService.php(258): CodeIgniter\Config\Services::uri(NULL, false)
#6 E:\laragon\www\spk_maut\vendor\codeigniter4\framework\system\Config\BaseService.php(199): CodeIgniter\Config\BaseService::__callStatic('uri', Array)
#7 E:\laragon\www\spk_maut\vendor\codeigniter4\framework\system\Config\Services.php(792): CodeIgniter\Config\BaseService::getSharedInstance('uri', NULL)
#8 E:\laragon\www\spk_maut\vendor\codeigniter4\framework\system\Config\BaseService.php(258): CodeIgniter\Config\Services::uri()
#9 E:\laragon\www\spk_maut\vendor\codeigniter4\framework\system\Config\Services.php(566): CodeIgniter\Config\BaseService::__callStatic('uri', Array)
#10 E:\laragon\www\spk_maut\vendor\codeigniter4\framework\system\Config\BaseService.php(258): CodeIgniter\Config\Services::incomingrequest(Object(Config\App), false)
#11 E:\laragon\www\spk_maut\vendor\codeigniter4\framework\system\Config\Services.php(524): CodeIgniter\Config\BaseService::__callStatic('incomingrequest', Array)
#12 E:\laragon\www\spk_maut\vendor\codeigniter4\framework\system\Config\BaseService.php(258): CodeIgniter\Config\Services::request(Object(Config\App), false)
#13 E:\laragon\www\spk_maut\vendor\codeigniter4\framework\system\Config\BaseService.php(199): CodeIgniter\Config\BaseService::__callStatic('request', Array)
#14 E:\laragon\www\spk_maut\vendor\codeigniter4\framework\system\Config\Services.php(559): CodeIgniter\Config\BaseService::getSharedInstance('request', Object(Config\App))
#15 E:\laragon\www\spk_maut\vendor\codeigniter4\framework\system\Config\BaseService.php(258): CodeIgniter\Config\Services::incomingrequest(Object(Config\App))
#16 E:\laragon\www\spk_maut\vendor\codeigniter4\framework\system\Config\Services.php(539): CodeIgniter\Config\BaseService::__callStatic('incomingrequest', Array)
#17 E:\laragon\www\spk_maut\vendor\codeigniter4\framework\system\Config\BaseService.php(258): CodeIgniter\Config\Services::createRequest(Object(Config\App))
#18 E:\laragon\www\spk_maut\vendor\codeigniter4\framework\system\CodeIgniter.php(655): CodeIgniter\Config\BaseService::__callStatic('createRequest', Array)
#19 E:\laragon\www\spk_maut\vendor\codeigniter4\framework\system\CodeIgniter.php(355): CodeIgniter\CodeIgniter->getRequestObject()
#20 E:\laragon\www\spk_maut\public\index.php(79): CodeIgniter\CodeIgniter->run()
#21 {main}
in SYSTEMPATH\HTTP\SiteURI.php on line 199.
 1 [internal function]: CodeIgniter\Debug\Exceptions->shutdownHandler()
CRITICAL - 2024-07-18 14:50:30 --> CodeIgniter\Exceptions\ConfigException: Config\App::$baseURL "http://spk_maut.test/" is not a valid URL.
in SYSTEMPATH\HTTP\SiteURI.php on line 199.
 1 SYSTEMPATH\HTTP\SiteURI.php(145): CodeIgniter\HTTP\SiteURI->normalizeBaseURL(Object(Config\App))
 2 SYSTEMPATH\HTTP\SiteURI.php(100): CodeIgniter\HTTP\SiteURI->determineBaseURL(Object(Config\App), null, null)
 3 SYSTEMPATH\HTTP\SiteURIFactory.php(224): CodeIgniter\HTTP\SiteURI->__construct(Object(Config\App), 'kriteria', null)
 4 SYSTEMPATH\HTTP\SiteURIFactory.php(45): CodeIgniter\HTTP\SiteURIFactory->createURIFromRoutePath('kriteria')
 5 SYSTEMPATH\Config\Services.php(799): CodeIgniter\HTTP\SiteURIFactory->createFromGlobals()
 6 SYSTEMPATH\Config\BaseService.php(258): CodeIgniter\Config\Services::uri(null, false)
 7 SYSTEMPATH\Config\BaseService.php(199): CodeIgniter\Config\BaseService::__callStatic('uri', [...])
 8 SYSTEMPATH\Config\Services.php(792): CodeIgniter\Config\BaseService::getSharedInstance('uri', null)
 9 SYSTEMPATH\Config\BaseService.php(258): CodeIgniter\Config\Services::uri()
10 SYSTEMPATH\Config\Services.php(566): CodeIgniter\Config\BaseService::__callStatic('uri', [])
11 SYSTEMPATH\Config\BaseService.php(258): CodeIgniter\Config\Services::incomingrequest(Object(Config\App), false)
12 SYSTEMPATH\Config\Services.php(524): CodeIgniter\Config\BaseService::__callStatic('incomingrequest', [...])
13 SYSTEMPATH\Config\BaseService.php(258): CodeIgniter\Config\Services::request(Object(Config\App), false)
14 SYSTEMPATH\Config\BaseService.php(199): CodeIgniter\Config\BaseService::__callStatic('request', [...])
15 SYSTEMPATH\Config\Services.php(559): CodeIgniter\Config\BaseService::getSharedInstance('request', Object(Config\App))
16 SYSTEMPATH\Config\BaseService.php(258): CodeIgniter\Config\Services::incomingrequest(Object(Config\App))
17 SYSTEMPATH\Config\Services.php(539): CodeIgniter\Config\BaseService::__callStatic('incomingrequest', [...])
18 SYSTEMPATH\Config\BaseService.php(258): CodeIgniter\Config\Services::createRequest(Object(Config\App))
19 SYSTEMPATH\CodeIgniter.php(655): CodeIgniter\Config\BaseService::__callStatic('createRequest', [...])
20 SYSTEMPATH\CodeIgniter.php(355): CodeIgniter\CodeIgniter->getRequestObject()
21 FCPATH\index.php(79): CodeIgniter\CodeIgniter->run()
CRITICAL - 2024-07-18 14:50:30 --> ErrorException: Uncaught CodeIgniter\Exceptions\ConfigException: Config\App::$baseURL "http://spk_maut.test/" is not a valid URL. in E:\laragon\www\spk_maut\vendor\codeigniter4\framework\system\HTTP\SiteURI.php:199
Stack trace:
#0 E:\laragon\www\spk_maut\vendor\codeigniter4\framework\system\HTTP\SiteURI.php(145): CodeIgniter\HTTP\SiteURI->normalizeBaseURL(Object(Config\App))
#1 E:\laragon\www\spk_maut\vendor\codeigniter4\framework\system\HTTP\SiteURI.php(100): CodeIgniter\HTTP\SiteURI->determineBaseURL(Object(Config\App), NULL, NULL)
#2 E:\laragon\www\spk_maut\vendor\codeigniter4\framework\system\HTTP\SiteURIFactory.php(224): CodeIgniter\HTTP\SiteURI->__construct(Object(Config\App), 'kriteria', NULL)
#3 E:\laragon\www\spk_maut\vendor\codeigniter4\framework\system\HTTP\SiteURIFactory.php(45): CodeIgniter\HTTP\SiteURIFactory->createURIFromRoutePath('kriteria')
#4 E:\laragon\www\spk_maut\vendor\codeigniter4\framework\system\Config\Services.php(799): CodeIgniter\HTTP\SiteURIFactory->createFromGlobals()
#5 E:\laragon\www\spk_maut\vendor\codeigniter4\framework\system\Config\BaseService.php(258): CodeIgniter\Config\Services::uri(NULL, false)
#6 E:\laragon\www\spk_maut\vendor\codeigniter4\framework\system\Config\BaseService.php(199): CodeIgniter\Config\BaseService::__callStatic('uri', Array)
#7 E:\laragon\www\spk_maut\vendor\codeigniter4\framework\system\Config\Services.php(792): CodeIgniter\Config\BaseService::getSharedInstance('uri', NULL)
#8 E:\laragon\www\spk_maut\vendor\codeigniter4\framework\system\Config\BaseService.php(258): CodeIgniter\Config\Services::uri()
#9 E:\laragon\www\spk_maut\vendor\codeigniter4\framework\system\Config\Services.php(566): CodeIgniter\Config\BaseService::__callStatic('uri', Array)
#10 E:\laragon\www\spk_maut\vendor\codeigniter4\framework\system\Config\BaseService.php(258): CodeIgniter\Config\Services::incomingrequest(Object(Config\App), false)
#11 E:\laragon\www\spk_maut\vendor\codeigniter4\framework\system\Config\Services.php(524): CodeIgniter\Config\BaseService::__callStatic('incomingrequest', Array)
#12 E:\laragon\www\spk_maut\vendor\codeigniter4\framework\system\Config\BaseService.php(258): CodeIgniter\Config\Services::request(NULL, false)
#13 E:\laragon\www\spk_maut\vendor\codeigniter4\framework\system\Config\BaseService.php(199): CodeIgniter\Config\BaseService::__callStatic('request', Array)
#14 E:\laragon\www\spk_maut\vendor\codeigniter4\framework\system\Config\Services.php(520): CodeIgniter\Config\BaseService::getSharedInstance('request', NULL)
#15 E:\laragon\www\spk_maut\vendor\codeigniter4\framework\system\Config\BaseService.php(258): CodeIgniter\Config\Services::request()
#16 E:\laragon\www\spk_maut\vendor\codeigniter4\framework\system\Debug\Exceptions.php(150): CodeIgniter\Config\BaseService::__callStatic('request', Array)
#17 [internal function]: CodeIgniter\Debug\Exceptions->exceptionHandler(Object(CodeIgniter\Exceptions\ConfigException))
#18 {main}
  thrown
【Previous Exception】
CodeIgniter\Exceptions\ConfigException
Config\App::$baseURL "http://spk_maut.test/" is not a valid URL.
#0 E:\laragon\www\spk_maut\vendor\codeigniter4\framework\system\HTTP\SiteURI.php(145): CodeIgniter\HTTP\SiteURI->normalizeBaseURL(Object(Config\App))
#1 E:\laragon\www\spk_maut\vendor\codeigniter4\framework\system\HTTP\SiteURI.php(100): CodeIgniter\HTTP\SiteURI->determineBaseURL(Object(Config\App), NULL, NULL)
#2 E:\laragon\www\spk_maut\vendor\codeigniter4\framework\system\HTTP\SiteURIFactory.php(224): CodeIgniter\HTTP\SiteURI->__construct(Object(Config\App), 'kriteria', NULL)
#3 E:\laragon\www\spk_maut\vendor\codeigniter4\framework\system\HTTP\SiteURIFactory.php(45): CodeIgniter\HTTP\SiteURIFactory->createURIFromRoutePath('kriteria')
#4 E:\laragon\www\spk_maut\vendor\codeigniter4\framework\system\Config\Services.php(799): CodeIgniter\HTTP\SiteURIFactory->createFromGlobals()
#5 E:\laragon\www\spk_maut\vendor\codeigniter4\framework\system\Config\BaseService.php(258): CodeIgniter\Config\Services::uri(NULL, false)
#6 E:\laragon\www\spk_maut\vendor\codeigniter4\framework\system\Config\BaseService.php(199): CodeIgniter\Config\BaseService::__callStatic('uri', Array)
#7 E:\laragon\www\spk_maut\vendor\codeigniter4\framework\system\Config\Services.php(792): CodeIgniter\Config\BaseService::getSharedInstance('uri', NULL)
#8 E:\laragon\www\spk_maut\vendor\codeigniter4\framework\system\Config\BaseService.php(258): CodeIgniter\Config\Services::uri()
#9 E:\laragon\www\spk_maut\vendor\codeigniter4\framework\system\Config\Services.php(566): CodeIgniter\Config\BaseService::__callStatic('uri', Array)
#10 E:\laragon\www\spk_maut\vendor\codeigniter4\framework\system\Config\BaseService.php(258): CodeIgniter\Config\Services::incomingrequest(Object(Config\App), false)
#11 E:\laragon\www\spk_maut\vendor\codeigniter4\framework\system\Config\Services.php(524): CodeIgniter\Config\BaseService::__callStatic('incomingrequest', Array)
#12 E:\laragon\www\spk_maut\vendor\codeigniter4\framework\system\Config\BaseService.php(258): CodeIgniter\Config\Services::request(Object(Config\App), false)
#13 E:\laragon\www\spk_maut\vendor\codeigniter4\framework\system\Config\BaseService.php(199): CodeIgniter\Config\BaseService::__callStatic('request', Array)
#14 E:\laragon\www\spk_maut\vendor\codeigniter4\framework\system\Config\Services.php(559): CodeIgniter\Config\BaseService::getSharedInstance('request', Object(Config\App))
#15 E:\laragon\www\spk_maut\vendor\codeigniter4\framework\system\Config\BaseService.php(258): CodeIgniter\Config\Services::incomingrequest(Object(Config\App))
#16 E:\laragon\www\spk_maut\vendor\codeigniter4\framework\system\Config\Services.php(539): CodeIgniter\Config\BaseService::__callStatic('incomingrequest', Array)
#17 E:\laragon\www\spk_maut\vendor\codeigniter4\framework\system\Config\BaseService.php(258): CodeIgniter\Config\Services::createRequest(Object(Config\App))
#18 E:\laragon\www\spk_maut\vendor\codeigniter4\framework\system\CodeIgniter.php(655): CodeIgniter\Config\BaseService::__callStatic('createRequest', Array)
#19 E:\laragon\www\spk_maut\vendor\codeigniter4\framework\system\CodeIgniter.php(355): CodeIgniter\CodeIgniter->getRequestObject()
#20 E:\laragon\www\spk_maut\public\index.php(79): CodeIgniter\CodeIgniter->run()
#21 {main}
in SYSTEMPATH\HTTP\SiteURI.php on line 199.
 1 [internal function]: CodeIgniter\Debug\Exceptions->shutdownHandler()
CRITICAL - 2024-07-18 14:50:30 --> CodeIgniter\Exceptions\ConfigException: Config\App::$baseURL "http://spk_maut.test/" is not a valid URL.
in SYSTEMPATH\HTTP\SiteURI.php on line 199.
 1 SYSTEMPATH\HTTP\SiteURI.php(145): CodeIgniter\HTTP\SiteURI->normalizeBaseURL(Object(Config\App))
 2 SYSTEMPATH\HTTP\SiteURI.php(100): CodeIgniter\HTTP\SiteURI->determineBaseURL(Object(Config\App), null, null)
 3 SYSTEMPATH\HTTP\SiteURIFactory.php(224): CodeIgniter\HTTP\SiteURI->__construct(Object(Config\App), 'kriteria', null)
 4 SYSTEMPATH\HTTP\SiteURIFactory.php(45): CodeIgniter\HTTP\SiteURIFactory->createURIFromRoutePath('kriteria')
 5 SYSTEMPATH\Config\Services.php(799): CodeIgniter\HTTP\SiteURIFactory->createFromGlobals()
 6 SYSTEMPATH\Config\BaseService.php(258): CodeIgniter\Config\Services::uri(null, false)
 7 SYSTEMPATH\Config\BaseService.php(199): CodeIgniter\Config\BaseService::__callStatic('uri', [...])
 8 SYSTEMPATH\Config\Services.php(792): CodeIgniter\Config\BaseService::getSharedInstance('uri', null)
 9 SYSTEMPATH\Config\BaseService.php(258): CodeIgniter\Config\Services::uri()
10 SYSTEMPATH\Config\Services.php(566): CodeIgniter\Config\BaseService::__callStatic('uri', [])
11 SYSTEMPATH\Config\BaseService.php(258): CodeIgniter\Config\Services::incomingrequest(Object(Config\App), false)
12 SYSTEMPATH\Config\Services.php(524): CodeIgniter\Config\BaseService::__callStatic('incomingrequest', [...])
13 SYSTEMPATH\Config\BaseService.php(258): CodeIgniter\Config\Services::request(Object(Config\App), false)
14 SYSTEMPATH\Config\BaseService.php(199): CodeIgniter\Config\BaseService::__callStatic('request', [...])
15 SYSTEMPATH\Config\Services.php(559): CodeIgniter\Config\BaseService::getSharedInstance('request', Object(Config\App))
16 SYSTEMPATH\Config\BaseService.php(258): CodeIgniter\Config\Services::incomingrequest(Object(Config\App))
17 SYSTEMPATH\Config\Services.php(539): CodeIgniter\Config\BaseService::__callStatic('incomingrequest', [...])
18 SYSTEMPATH\Config\BaseService.php(258): CodeIgniter\Config\Services::createRequest(Object(Config\App))
19 SYSTEMPATH\CodeIgniter.php(655): CodeIgniter\Config\BaseService::__callStatic('createRequest', [...])
20 SYSTEMPATH\CodeIgniter.php(355): CodeIgniter\CodeIgniter->getRequestObject()
21 FCPATH\index.php(79): CodeIgniter\CodeIgniter->run()
CRITICAL - 2024-07-18 14:50:30 --> ErrorException: Uncaught CodeIgniter\Exceptions\ConfigException: Config\App::$baseURL "http://spk_maut.test/" is not a valid URL. in E:\laragon\www\spk_maut\vendor\codeigniter4\framework\system\HTTP\SiteURI.php:199
Stack trace:
#0 E:\laragon\www\spk_maut\vendor\codeigniter4\framework\system\HTTP\SiteURI.php(145): CodeIgniter\HTTP\SiteURI->normalizeBaseURL(Object(Config\App))
#1 E:\laragon\www\spk_maut\vendor\codeigniter4\framework\system\HTTP\SiteURI.php(100): CodeIgniter\HTTP\SiteURI->determineBaseURL(Object(Config\App), NULL, NULL)
#2 E:\laragon\www\spk_maut\vendor\codeigniter4\framework\system\HTTP\SiteURIFactory.php(224): CodeIgniter\HTTP\SiteURI->__construct(Object(Config\App), 'kriteria', NULL)
#3 E:\laragon\www\spk_maut\vendor\codeigniter4\framework\system\HTTP\SiteURIFactory.php(45): CodeIgniter\HTTP\SiteURIFactory->createURIFromRoutePath('kriteria')
#4 E:\laragon\www\spk_maut\vendor\codeigniter4\framework\system\Config\Services.php(799): CodeIgniter\HTTP\SiteURIFactory->createFromGlobals()
#5 E:\laragon\www\spk_maut\vendor\codeigniter4\framework\system\Config\BaseService.php(258): CodeIgniter\Config\Services::uri(NULL, false)
#6 E:\laragon\www\spk_maut\vendor\codeigniter4\framework\system\Config\BaseService.php(199): CodeIgniter\Config\BaseService::__callStatic('uri', Array)
#7 E:\laragon\www\spk_maut\vendor\codeigniter4\framework\system\Config\Services.php(792): CodeIgniter\Config\BaseService::getSharedInstance('uri', NULL)
#8 E:\laragon\www\spk_maut\vendor\codeigniter4\framework\system\Config\BaseService.php(258): CodeIgniter\Config\Services::uri()
#9 E:\laragon\www\spk_maut\vendor\codeigniter4\framework\system\Config\Services.php(566): CodeIgniter\Config\BaseService::__callStatic('uri', Array)
#10 E:\laragon\www\spk_maut\vendor\codeigniter4\framework\system\Config\BaseService.php(258): CodeIgniter\Config\Services::incomingrequest(Object(Config\App), false)
#11 E:\laragon\www\spk_maut\vendor\codeigniter4\framework\system\Config\Services.php(524): CodeIgniter\Config\BaseService::__callStatic('incomingrequest', Array)
#12 E:\laragon\www\spk_maut\vendor\codeigniter4\framework\system\Config\BaseService.php(258): CodeIgniter\Config\Services::request(NULL, false)
#13 E:\laragon\www\spk_maut\vendor\codeigniter4\framework\system\Config\BaseService.php(199): CodeIgniter\Config\BaseService::__callStatic('request', Array)
#14 E:\laragon\www\spk_maut\vendor\codeigniter4\framework\system\Config\Services.php(520): CodeIgniter\Config\BaseService::getSharedInstance('request', NULL)
#15 E:\laragon\www\spk_maut\vendor\codeigniter4\framework\system\Config\BaseService.php(258): CodeIgniter\Config\Services::request()
#16 E:\laragon\www\spk_maut\vendor\codeigniter4\framework\system\Debug\Exceptions.php(150): CodeIgniter\Config\BaseService::__callStatic('request', Array)
#17 [internal function]: CodeIgniter\Debug\Exceptions->exceptionHandler(Object(CodeIgniter\Exceptions\ConfigException))
#18 {main}
  thrown
【Previous Exception】
CodeIgniter\Exceptions\ConfigException
Config\App::$baseURL "http://spk_maut.test/" is not a valid URL.
#0 E:\laragon\www\spk_maut\vendor\codeigniter4\framework\system\HTTP\SiteURI.php(145): CodeIgniter\HTTP\SiteURI->normalizeBaseURL(Object(Config\App))
#1 E:\laragon\www\spk_maut\vendor\codeigniter4\framework\system\HTTP\SiteURI.php(100): CodeIgniter\HTTP\SiteURI->determineBaseURL(Object(Config\App), NULL, NULL)
#2 E:\laragon\www\spk_maut\vendor\codeigniter4\framework\system\HTTP\SiteURIFactory.php(224): CodeIgniter\HTTP\SiteURI->__construct(Object(Config\App), 'kriteria', NULL)
#3 E:\laragon\www\spk_maut\vendor\codeigniter4\framework\system\HTTP\SiteURIFactory.php(45): CodeIgniter\HTTP\SiteURIFactory->createURIFromRoutePath('kriteria')
#4 E:\laragon\www\spk_maut\vendor\codeigniter4\framework\system\Config\Services.php(799): CodeIgniter\HTTP\SiteURIFactory->createFromGlobals()
#5 E:\laragon\www\spk_maut\vendor\codeigniter4\framework\system\Config\BaseService.php(258): CodeIgniter\Config\Services::uri(NULL, false)
#6 E:\laragon\www\spk_maut\vendor\codeigniter4\framework\system\Config\BaseService.php(199): CodeIgniter\Config\BaseService::__callStatic('uri', Array)
#7 E:\laragon\www\spk_maut\vendor\codeigniter4\framework\system\Config\Services.php(792): CodeIgniter\Config\BaseService::getSharedInstance('uri', NULL)
#8 E:\laragon\www\spk_maut\vendor\codeigniter4\framework\system\Config\BaseService.php(258): CodeIgniter\Config\Services::uri()
#9 E:\laragon\www\spk_maut\vendor\codeigniter4\framework\system\Config\Services.php(566): CodeIgniter\Config\BaseService::__callStatic('uri', Array)
#10 E:\laragon\www\spk_maut\vendor\codeigniter4\framework\system\Config\BaseService.php(258): CodeIgniter\Config\Services::incomingrequest(Object(Config\App), false)
#11 E:\laragon\www\spk_maut\vendor\codeigniter4\framework\system\Config\Services.php(524): CodeIgniter\Config\BaseService::__callStatic('incomingrequest', Array)
#12 E:\laragon\www\spk_maut\vendor\codeigniter4\framework\system\Config\BaseService.php(258): CodeIgniter\Config\Services::request(Object(Config\App), false)
#13 E:\laragon\www\spk_maut\vendor\codeigniter4\framework\system\Config\BaseService.php(199): CodeIgniter\Config\BaseService::__callStatic('request', Array)
#14 E:\laragon\www\spk_maut\vendor\codeigniter4\framework\system\Config\Services.php(559): CodeIgniter\Config\BaseService::getSharedInstance('request', Object(Config\App))
#15 E:\laragon\www\spk_maut\vendor\codeigniter4\framework\system\Config\BaseService.php(258): CodeIgniter\Config\Services::incomingrequest(Object(Config\App))
#16 E:\laragon\www\spk_maut\vendor\codeigniter4\framework\system\Config\Services.php(539): CodeIgniter\Config\BaseService::__callStatic('incomingrequest', Array)
#17 E:\laragon\www\spk_maut\vendor\codeigniter4\framework\system\Config\BaseService.php(258): CodeIgniter\Config\Services::createRequest(Object(Config\App))
#18 E:\laragon\www\spk_maut\vendor\codeigniter4\framework\system\CodeIgniter.php(655): CodeIgniter\Config\BaseService::__callStatic('createRequest', Array)
#19 E:\laragon\www\spk_maut\vendor\codeigniter4\framework\system\CodeIgniter.php(355): CodeIgniter\CodeIgniter->getRequestObject()
#20 E:\laragon\www\spk_maut\public\index.php(79): CodeIgniter\CodeIgniter->run()
#21 {main}
in SYSTEMPATH\HTTP\SiteURI.php on line 199.
 1 [internal function]: CodeIgniter\Debug\Exceptions->shutdownHandler()
CRITICAL - 2024-07-18 14:50:30 --> CodeIgniter\Exceptions\ConfigException: Config\App::$baseURL "http://spk_maut.test/" is not a valid URL.
in SYSTEMPATH\HTTP\SiteURI.php on line 199.
 1 SYSTEMPATH\HTTP\SiteURI.php(145): CodeIgniter\HTTP\SiteURI->normalizeBaseURL(Object(Config\App))
 2 SYSTEMPATH\HTTP\SiteURI.php(100): CodeIgniter\HTTP\SiteURI->determineBaseURL(Object(Config\App), null, null)
 3 SYSTEMPATH\HTTP\SiteURIFactory.php(224): CodeIgniter\HTTP\SiteURI->__construct(Object(Config\App), 'kriteria', null)
 4 SYSTEMPATH\HTTP\SiteURIFactory.php(45): CodeIgniter\HTTP\SiteURIFactory->createURIFromRoutePath('kriteria')
 5 SYSTEMPATH\Config\Services.php(799): CodeIgniter\HTTP\SiteURIFactory->createFromGlobals()
 6 SYSTEMPATH\Config\BaseService.php(258): CodeIgniter\Config\Services::uri(null, false)
 7 SYSTEMPATH\Config\BaseService.php(199): CodeIgniter\Config\BaseService::__callStatic('uri', [...])
 8 SYSTEMPATH\Config\Services.php(792): CodeIgniter\Config\BaseService::getSharedInstance('uri', null)
 9 SYSTEMPATH\Config\BaseService.php(258): CodeIgniter\Config\Services::uri()
10 SYSTEMPATH\Config\Services.php(566): CodeIgniter\Config\BaseService::__callStatic('uri', [])
11 SYSTEMPATH\Config\BaseService.php(258): CodeIgniter\Config\Services::incomingrequest(Object(Config\App), false)
12 SYSTEMPATH\Config\Services.php(524): CodeIgniter\Config\BaseService::__callStatic('incomingrequest', [...])
13 SYSTEMPATH\Config\BaseService.php(258): CodeIgniter\Config\Services::request(Object(Config\App), false)
14 SYSTEMPATH\Config\BaseService.php(199): CodeIgniter\Config\BaseService::__callStatic('request', [...])
15 SYSTEMPATH\Config\Services.php(559): CodeIgniter\Config\BaseService::getSharedInstance('request', Object(Config\App))
16 SYSTEMPATH\Config\BaseService.php(258): CodeIgniter\Config\Services::incomingrequest(Object(Config\App))
17 SYSTEMPATH\Config\Services.php(539): CodeIgniter\Config\BaseService::__callStatic('incomingrequest', [...])
18 SYSTEMPATH\Config\BaseService.php(258): CodeIgniter\Config\Services::createRequest(Object(Config\App))
19 SYSTEMPATH\CodeIgniter.php(655): CodeIgniter\Config\BaseService::__callStatic('createRequest', [...])
20 SYSTEMPATH\CodeIgniter.php(355): CodeIgniter\CodeIgniter->getRequestObject()
21 FCPATH\index.php(79): CodeIgniter\CodeIgniter->run()
CRITICAL - 2024-07-18 14:50:30 --> ErrorException: Uncaught CodeIgniter\Exceptions\ConfigException: Config\App::$baseURL "http://spk_maut.test/" is not a valid URL. in E:\laragon\www\spk_maut\vendor\codeigniter4\framework\system\HTTP\SiteURI.php:199
Stack trace:
#0 E:\laragon\www\spk_maut\vendor\codeigniter4\framework\system\HTTP\SiteURI.php(145): CodeIgniter\HTTP\SiteURI->normalizeBaseURL(Object(Config\App))
#1 E:\laragon\www\spk_maut\vendor\codeigniter4\framework\system\HTTP\SiteURI.php(100): CodeIgniter\HTTP\SiteURI->determineBaseURL(Object(Config\App), NULL, NULL)
#2 E:\laragon\www\spk_maut\vendor\codeigniter4\framework\system\HTTP\SiteURIFactory.php(224): CodeIgniter\HTTP\SiteURI->__construct(Object(Config\App), 'kriteria', NULL)
#3 E:\laragon\www\spk_maut\vendor\codeigniter4\framework\system\HTTP\SiteURIFactory.php(45): CodeIgniter\HTTP\SiteURIFactory->createURIFromRoutePath('kriteria')
#4 E:\laragon\www\spk_maut\vendor\codeigniter4\framework\system\Config\Services.php(799): CodeIgniter\HTTP\SiteURIFactory->createFromGlobals()
#5 E:\laragon\www\spk_maut\vendor\codeigniter4\framework\system\Config\BaseService.php(258): CodeIgniter\Config\Services::uri(NULL, false)
#6 E:\laragon\www\spk_maut\vendor\codeigniter4\framework\system\Config\BaseService.php(199): CodeIgniter\Config\BaseService::__callStatic('uri', Array)
#7 E:\laragon\www\spk_maut\vendor\codeigniter4\framework\system\Config\Services.php(792): CodeIgniter\Config\BaseService::getSharedInstance('uri', NULL)
#8 E:\laragon\www\spk_maut\vendor\codeigniter4\framework\system\Config\BaseService.php(258): CodeIgniter\Config\Services::uri()
#9 E:\laragon\www\spk_maut\vendor\codeigniter4\framework\system\Config\Services.php(566): CodeIgniter\Config\BaseService::__callStatic('uri', Array)
#10 E:\laragon\www\spk_maut\vendor\codeigniter4\framework\system\Config\BaseService.php(258): CodeIgniter\Config\Services::incomingrequest(Object(Config\App), false)
#11 E:\laragon\www\spk_maut\vendor\codeigniter4\framework\system\Config\Services.php(524): CodeIgniter\Config\BaseService::__callStatic('incomingrequest', Array)
#12 E:\laragon\www\spk_maut\vendor\codeigniter4\framework\system\Config\BaseService.php(258): CodeIgniter\Config\Services::request(NULL, false)
#13 E:\laragon\www\spk_maut\vendor\codeigniter4\framework\system\Config\BaseService.php(199): CodeIgniter\Config\BaseService::__callStatic('request', Array)
#14 E:\laragon\www\spk_maut\vendor\codeigniter4\framework\system\Config\Services.php(520): CodeIgniter\Config\BaseService::getSharedInstance('request', NULL)
#15 E:\laragon\www\spk_maut\vendor\codeigniter4\framework\system\Config\BaseService.php(258): CodeIgniter\Config\Services::request()
#16 E:\laragon\www\spk_maut\vendor\codeigniter4\framework\system\Debug\Exceptions.php(150): CodeIgniter\Config\BaseService::__callStatic('request', Array)
#17 [internal function]: CodeIgniter\Debug\Exceptions->exceptionHandler(Object(CodeIgniter\Exceptions\ConfigException))
#18 {main}
  thrown
【Previous Exception】
CodeIgniter\Exceptions\ConfigException
Config\App::$baseURL "http://spk_maut.test/" is not a valid URL.
#0 E:\laragon\www\spk_maut\vendor\codeigniter4\framework\system\HTTP\SiteURI.php(145): CodeIgniter\HTTP\SiteURI->normalizeBaseURL(Object(Config\App))
#1 E:\laragon\www\spk_maut\vendor\codeigniter4\framework\system\HTTP\SiteURI.php(100): CodeIgniter\HTTP\SiteURI->determineBaseURL(Object(Config\App), NULL, NULL)
#2 E:\laragon\www\spk_maut\vendor\codeigniter4\framework\system\HTTP\SiteURIFactory.php(224): CodeIgniter\HTTP\SiteURI->__construct(Object(Config\App), 'kriteria', NULL)
#3 E:\laragon\www\spk_maut\vendor\codeigniter4\framework\system\HTTP\SiteURIFactory.php(45): CodeIgniter\HTTP\SiteURIFactory->createURIFromRoutePath('kriteria')
#4 E:\laragon\www\spk_maut\vendor\codeigniter4\framework\system\Config\Services.php(799): CodeIgniter\HTTP\SiteURIFactory->createFromGlobals()
#5 E:\laragon\www\spk_maut\vendor\codeigniter4\framework\system\Config\BaseService.php(258): CodeIgniter\Config\Services::uri(NULL, false)
#6 E:\laragon\www\spk_maut\vendor\codeigniter4\framework\system\Config\BaseService.php(199): CodeIgniter\Config\BaseService::__callStatic('uri', Array)
#7 E:\laragon\www\spk_maut\vendor\codeigniter4\framework\system\Config\Services.php(792): CodeIgniter\Config\BaseService::getSharedInstance('uri', NULL)
#8 E:\laragon\www\spk_maut\vendor\codeigniter4\framework\system\Config\BaseService.php(258): CodeIgniter\Config\Services::uri()
#9 E:\laragon\www\spk_maut\vendor\codeigniter4\framework\system\Config\Services.php(566): CodeIgniter\Config\BaseService::__callStatic('uri', Array)
#10 E:\laragon\www\spk_maut\vendor\codeigniter4\framework\system\Config\BaseService.php(258): CodeIgniter\Config\Services::incomingrequest(Object(Config\App), false)
#11 E:\laragon\www\spk_maut\vendor\codeigniter4\framework\system\Config\Services.php(524): CodeIgniter\Config\BaseService::__callStatic('incomingrequest', Array)
#12 E:\laragon\www\spk_maut\vendor\codeigniter4\framework\system\Config\BaseService.php(258): CodeIgniter\Config\Services::request(Object(Config\App), false)
#13 E:\laragon\www\spk_maut\vendor\codeigniter4\framework\system\Config\BaseService.php(199): CodeIgniter\Config\BaseService::__callStatic('request', Array)
#14 E:\laragon\www\spk_maut\vendor\codeigniter4\framework\system\Config\Services.php(559): CodeIgniter\Config\BaseService::getSharedInstance('request', Object(Config\App))
#15 E:\laragon\www\spk_maut\vendor\codeigniter4\framework\system\Config\BaseService.php(258): CodeIgniter\Config\Services::incomingrequest(Object(Config\App))
#16 E:\laragon\www\spk_maut\vendor\codeigniter4\framework\system\Config\Services.php(539): CodeIgniter\Config\BaseService::__callStatic('incomingrequest', Array)
#17 E:\laragon\www\spk_maut\vendor\codeigniter4\framework\system\Config\BaseService.php(258): CodeIgniter\Config\Services::createRequest(Object(Config\App))
#18 E:\laragon\www\spk_maut\vendor\codeigniter4\framework\system\CodeIgniter.php(655): CodeIgniter\Config\BaseService::__callStatic('createRequest', Array)
#19 E:\laragon\www\spk_maut\vendor\codeigniter4\framework\system\CodeIgniter.php(355): CodeIgniter\CodeIgniter->getRequestObject()
#20 E:\laragon\www\spk_maut\public\index.php(79): CodeIgniter\CodeIgniter->run()
#21 {main}
in SYSTEMPATH\HTTP\SiteURI.php on line 199.
 1 [internal function]: CodeIgniter\Debug\Exceptions->shutdownHandler()
CRITICAL - 2024-07-18 14:50:31 --> CodeIgniter\Exceptions\ConfigException: Config\App::$baseURL "http://spk_maut.test/" is not a valid URL.
in SYSTEMPATH\HTTP\SiteURI.php on line 199.
 1 SYSTEMPATH\HTTP\SiteURI.php(145): CodeIgniter\HTTP\SiteURI->normalizeBaseURL(Object(Config\App))
 2 SYSTEMPATH\HTTP\SiteURI.php(100): CodeIgniter\HTTP\SiteURI->determineBaseURL(Object(Config\App), null, null)
 3 SYSTEMPATH\HTTP\SiteURIFactory.php(224): CodeIgniter\HTTP\SiteURI->__construct(Object(Config\App), 'kriteria', null)
 4 SYSTEMPATH\HTTP\SiteURIFactory.php(45): CodeIgniter\HTTP\SiteURIFactory->createURIFromRoutePath('kriteria')
 5 SYSTEMPATH\Config\Services.php(799): CodeIgniter\HTTP\SiteURIFactory->createFromGlobals()
 6 SYSTEMPATH\Config\BaseService.php(258): CodeIgniter\Config\Services::uri(null, false)
 7 SYSTEMPATH\Config\BaseService.php(199): CodeIgniter\Config\BaseService::__callStatic('uri', [...])
 8 SYSTEMPATH\Config\Services.php(792): CodeIgniter\Config\BaseService::getSharedInstance('uri', null)
 9 SYSTEMPATH\Config\BaseService.php(258): CodeIgniter\Config\Services::uri()
10 SYSTEMPATH\Config\Services.php(566): CodeIgniter\Config\BaseService::__callStatic('uri', [])
11 SYSTEMPATH\Config\BaseService.php(258): CodeIgniter\Config\Services::incomingrequest(Object(Config\App), false)
12 SYSTEMPATH\Config\Services.php(524): CodeIgniter\Config\BaseService::__callStatic('incomingrequest', [...])
13 SYSTEMPATH\Config\BaseService.php(258): CodeIgniter\Config\Services::request(Object(Config\App), false)
14 SYSTEMPATH\Config\BaseService.php(199): CodeIgniter\Config\BaseService::__callStatic('request', [...])
15 SYSTEMPATH\Config\Services.php(559): CodeIgniter\Config\BaseService::getSharedInstance('request', Object(Config\App))
16 SYSTEMPATH\Config\BaseService.php(258): CodeIgniter\Config\Services::incomingrequest(Object(Config\App))
17 SYSTEMPATH\Config\Services.php(539): CodeIgniter\Config\BaseService::__callStatic('incomingrequest', [...])
18 SYSTEMPATH\Config\BaseService.php(258): CodeIgniter\Config\Services::createRequest(Object(Config\App))
19 SYSTEMPATH\CodeIgniter.php(655): CodeIgniter\Config\BaseService::__callStatic('createRequest', [...])
20 SYSTEMPATH\CodeIgniter.php(355): CodeIgniter\CodeIgniter->getRequestObject()
21 FCPATH\index.php(79): CodeIgniter\CodeIgniter->run()
CRITICAL - 2024-07-18 14:50:31 --> ErrorException: Uncaught CodeIgniter\Exceptions\ConfigException: Config\App::$baseURL "http://spk_maut.test/" is not a valid URL. in E:\laragon\www\spk_maut\vendor\codeigniter4\framework\system\HTTP\SiteURI.php:199
Stack trace:
#0 E:\laragon\www\spk_maut\vendor\codeigniter4\framework\system\HTTP\SiteURI.php(145): CodeIgniter\HTTP\SiteURI->normalizeBaseURL(Object(Config\App))
#1 E:\laragon\www\spk_maut\vendor\codeigniter4\framework\system\HTTP\SiteURI.php(100): CodeIgniter\HTTP\SiteURI->determineBaseURL(Object(Config\App), NULL, NULL)
#2 E:\laragon\www\spk_maut\vendor\codeigniter4\framework\system\HTTP\SiteURIFactory.php(224): CodeIgniter\HTTP\SiteURI->__construct(Object(Config\App), 'kriteria', NULL)
#3 E:\laragon\www\spk_maut\vendor\codeigniter4\framework\system\HTTP\SiteURIFactory.php(45): CodeIgniter\HTTP\SiteURIFactory->createURIFromRoutePath('kriteria')
#4 E:\laragon\www\spk_maut\vendor\codeigniter4\framework\system\Config\Services.php(799): CodeIgniter\HTTP\SiteURIFactory->createFromGlobals()
#5 E:\laragon\www\spk_maut\vendor\codeigniter4\framework\system\Config\BaseService.php(258): CodeIgniter\Config\Services::uri(NULL, false)
#6 E:\laragon\www\spk_maut\vendor\codeigniter4\framework\system\Config\BaseService.php(199): CodeIgniter\Config\BaseService::__callStatic('uri', Array)
#7 E:\laragon\www\spk_maut\vendor\codeigniter4\framework\system\Config\Services.php(792): CodeIgniter\Config\BaseService::getSharedInstance('uri', NULL)
#8 E:\laragon\www\spk_maut\vendor\codeigniter4\framework\system\Config\BaseService.php(258): CodeIgniter\Config\Services::uri()
#9 E:\laragon\www\spk_maut\vendor\codeigniter4\framework\system\Config\Services.php(566): CodeIgniter\Config\BaseService::__callStatic('uri', Array)
#10 E:\laragon\www\spk_maut\vendor\codeigniter4\framework\system\Config\BaseService.php(258): CodeIgniter\Config\Services::incomingrequest(Object(Config\App), false)
#11 E:\laragon\www\spk_maut\vendor\codeigniter4\framework\system\Config\Services.php(524): CodeIgniter\Config\BaseService::__callStatic('incomingrequest', Array)
#12 E:\laragon\www\spk_maut\vendor\codeigniter4\framework\system\Config\BaseService.php(258): CodeIgniter\Config\Services::request(NULL, false)
#13 E:\laragon\www\spk_maut\vendor\codeigniter4\framework\system\Config\BaseService.php(199): CodeIgniter\Config\BaseService::__callStatic('request', Array)
#14 E:\laragon\www\spk_maut\vendor\codeigniter4\framework\system\Config\Services.php(520): CodeIgniter\Config\BaseService::getSharedInstance('request', NULL)
#15 E:\laragon\www\spk_maut\vendor\codeigniter4\framework\system\Config\BaseService.php(258): CodeIgniter\Config\Services::request()
#16 E:\laragon\www\spk_maut\vendor\codeigniter4\framework\system\Debug\Exceptions.php(150): CodeIgniter\Config\BaseService::__callStatic('request', Array)
#17 [internal function]: CodeIgniter\Debug\Exceptions->exceptionHandler(Object(CodeIgniter\Exceptions\ConfigException))
#18 {main}
  thrown
【Previous Exception】
CodeIgniter\Exceptions\ConfigException
Config\App::$baseURL "http://spk_maut.test/" is not a valid URL.
#0 E:\laragon\www\spk_maut\vendor\codeigniter4\framework\system\HTTP\SiteURI.php(145): CodeIgniter\HTTP\SiteURI->normalizeBaseURL(Object(Config\App))
#1 E:\laragon\www\spk_maut\vendor\codeigniter4\framework\system\HTTP\SiteURI.php(100): CodeIgniter\HTTP\SiteURI->determineBaseURL(Object(Config\App), NULL, NULL)
#2 E:\laragon\www\spk_maut\vendor\codeigniter4\framework\system\HTTP\SiteURIFactory.php(224): CodeIgniter\HTTP\SiteURI->__construct(Object(Config\App), 'kriteria', NULL)
#3 E:\laragon\www\spk_maut\vendor\codeigniter4\framework\system\HTTP\SiteURIFactory.php(45): CodeIgniter\HTTP\SiteURIFactory->createURIFromRoutePath('kriteria')
#4 E:\laragon\www\spk_maut\vendor\codeigniter4\framework\system\Config\Services.php(799): CodeIgniter\HTTP\SiteURIFactory->createFromGlobals()
#5 E:\laragon\www\spk_maut\vendor\codeigniter4\framework\system\Config\BaseService.php(258): CodeIgniter\Config\Services::uri(NULL, false)
#6 E:\laragon\www\spk_maut\vendor\codeigniter4\framework\system\Config\BaseService.php(199): CodeIgniter\Config\BaseService::__callStatic('uri', Array)
#7 E:\laragon\www\spk_maut\vendor\codeigniter4\framework\system\Config\Services.php(792): CodeIgniter\Config\BaseService::getSharedInstance('uri', NULL)
#8 E:\laragon\www\spk_maut\vendor\codeigniter4\framework\system\Config\BaseService.php(258): CodeIgniter\Config\Services::uri()
#9 E:\laragon\www\spk_maut\vendor\codeigniter4\framework\system\Config\Services.php(566): CodeIgniter\Config\BaseService::__callStatic('uri', Array)
#10 E:\laragon\www\spk_maut\vendor\codeigniter4\framework\system\Config\BaseService.php(258): CodeIgniter\Config\Services::incomingrequest(Object(Config\App), false)
#11 E:\laragon\www\spk_maut\vendor\codeigniter4\framework\system\Config\Services.php(524): CodeIgniter\Config\BaseService::__callStatic('incomingrequest', Array)
#12 E:\laragon\www\spk_maut\vendor\codeigniter4\framework\system\Config\BaseService.php(258): CodeIgniter\Config\Services::request(Object(Config\App), false)
#13 E:\laragon\www\spk_maut\vendor\codeigniter4\framework\system\Config\BaseService.php(199): CodeIgniter\Config\BaseService::__callStatic('request', Array)
#14 E:\laragon\www\spk_maut\vendor\codeigniter4\framework\system\Config\Services.php(559): CodeIgniter\Config\BaseService::getSharedInstance('request', Object(Config\App))
#15 E:\laragon\www\spk_maut\vendor\codeigniter4\framework\system\Config\BaseService.php(258): CodeIgniter\Config\Services::incomingrequest(Object(Config\App))
#16 E:\laragon\www\spk_maut\vendor\codeigniter4\framework\system\Config\Services.php(539): CodeIgniter\Config\BaseService::__callStatic('incomingrequest', Array)
#17 E:\laragon\www\spk_maut\vendor\codeigniter4\framework\system\Config\BaseService.php(258): CodeIgniter\Config\Services::createRequest(Object(Config\App))
#18 E:\laragon\www\spk_maut\vendor\codeigniter4\framework\system\CodeIgniter.php(655): CodeIgniter\Config\BaseService::__callStatic('createRequest', Array)
#19 E:\laragon\www\spk_maut\vendor\codeigniter4\framework\system\CodeIgniter.php(355): CodeIgniter\CodeIgniter->getRequestObject()
#20 E:\laragon\www\spk_maut\public\index.php(79): CodeIgniter\CodeIgniter->run()
#21 {main}
in SYSTEMPATH\HTTP\SiteURI.php on line 199.
 1 [internal function]: CodeIgniter\Debug\Exceptions->shutdownHandler()
CRITICAL - 2024-07-18 14:50:31 --> CodeIgniter\Exceptions\ConfigException: Config\App::$baseURL "http://spk_maut.test/" is not a valid URL.
in SYSTEMPATH\HTTP\SiteURI.php on line 199.
 1 SYSTEMPATH\HTTP\SiteURI.php(145): CodeIgniter\HTTP\SiteURI->normalizeBaseURL(Object(Config\App))
 2 SYSTEMPATH\HTTP\SiteURI.php(100): CodeIgniter\HTTP\SiteURI->determineBaseURL(Object(Config\App), null, null)
 3 SYSTEMPATH\HTTP\SiteURIFactory.php(224): CodeIgniter\HTTP\SiteURI->__construct(Object(Config\App), 'kriteria', null)
 4 SYSTEMPATH\HTTP\SiteURIFactory.php(45): CodeIgniter\HTTP\SiteURIFactory->createURIFromRoutePath('kriteria')
 5 SYSTEMPATH\Config\Services.php(799): CodeIgniter\HTTP\SiteURIFactory->createFromGlobals()
 6 SYSTEMPATH\Config\BaseService.php(258): CodeIgniter\Config\Services::uri(null, false)
 7 SYSTEMPATH\Config\BaseService.php(199): CodeIgniter\Config\BaseService::__callStatic('uri', [...])
 8 SYSTEMPATH\Config\Services.php(792): CodeIgniter\Config\BaseService::getSharedInstance('uri', null)
 9 SYSTEMPATH\Config\BaseService.php(258): CodeIgniter\Config\Services::uri()
10 SYSTEMPATH\Config\Services.php(566): CodeIgniter\Config\BaseService::__callStatic('uri', [])
11 SYSTEMPATH\Config\BaseService.php(258): CodeIgniter\Config\Services::incomingrequest(Object(Config\App), false)
12 SYSTEMPATH\Config\Services.php(524): CodeIgniter\Config\BaseService::__callStatic('incomingrequest', [...])
13 SYSTEMPATH\Config\BaseService.php(258): CodeIgniter\Config\Services::request(Object(Config\App), false)
14 SYSTEMPATH\Config\BaseService.php(199): CodeIgniter\Config\BaseService::__callStatic('request', [...])
15 SYSTEMPATH\Config\Services.php(559): CodeIgniter\Config\BaseService::getSharedInstance('request', Object(Config\App))
16 SYSTEMPATH\Config\BaseService.php(258): CodeIgniter\Config\Services::incomingrequest(Object(Config\App))
17 SYSTEMPATH\Config\Services.php(539): CodeIgniter\Config\BaseService::__callStatic('incomingrequest', [...])
18 SYSTEMPATH\Config\BaseService.php(258): CodeIgniter\Config\Services::createRequest(Object(Config\App))
19 SYSTEMPATH\CodeIgniter.php(655): CodeIgniter\Config\BaseService::__callStatic('createRequest', [...])
20 SYSTEMPATH\CodeIgniter.php(355): CodeIgniter\CodeIgniter->getRequestObject()
21 FCPATH\index.php(79): CodeIgniter\CodeIgniter->run()
CRITICAL - 2024-07-18 14:50:31 --> ErrorException: Uncaught CodeIgniter\Exceptions\ConfigException: Config\App::$baseURL "http://spk_maut.test/" is not a valid URL. in E:\laragon\www\spk_maut\vendor\codeigniter4\framework\system\HTTP\SiteURI.php:199
Stack trace:
#0 E:\laragon\www\spk_maut\vendor\codeigniter4\framework\system\HTTP\SiteURI.php(145): CodeIgniter\HTTP\SiteURI->normalizeBaseURL(Object(Config\App))
#1 E:\laragon\www\spk_maut\vendor\codeigniter4\framework\system\HTTP\SiteURI.php(100): CodeIgniter\HTTP\SiteURI->determineBaseURL(Object(Config\App), NULL, NULL)
#2 E:\laragon\www\spk_maut\vendor\codeigniter4\framework\system\HTTP\SiteURIFactory.php(224): CodeIgniter\HTTP\SiteURI->__construct(Object(Config\App), 'kriteria', NULL)
#3 E:\laragon\www\spk_maut\vendor\codeigniter4\framework\system\HTTP\SiteURIFactory.php(45): CodeIgniter\HTTP\SiteURIFactory->createURIFromRoutePath('kriteria')
#4 E:\laragon\www\spk_maut\vendor\codeigniter4\framework\system\Config\Services.php(799): CodeIgniter\HTTP\SiteURIFactory->createFromGlobals()
#5 E:\laragon\www\spk_maut\vendor\codeigniter4\framework\system\Config\BaseService.php(258): CodeIgniter\Config\Services::uri(NULL, false)
#6 E:\laragon\www\spk_maut\vendor\codeigniter4\framework\system\Config\BaseService.php(199): CodeIgniter\Config\BaseService::__callStatic('uri', Array)
#7 E:\laragon\www\spk_maut\vendor\codeigniter4\framework\system\Config\Services.php(792): CodeIgniter\Config\BaseService::getSharedInstance('uri', NULL)
#8 E:\laragon\www\spk_maut\vendor\codeigniter4\framework\system\Config\BaseService.php(258): CodeIgniter\Config\Services::uri()
#9 E:\laragon\www\spk_maut\vendor\codeigniter4\framework\system\Config\Services.php(566): CodeIgniter\Config\BaseService::__callStatic('uri', Array)
#10 E:\laragon\www\spk_maut\vendor\codeigniter4\framework\system\Config\BaseService.php(258): CodeIgniter\Config\Services::incomingrequest(Object(Config\App), false)
#11 E:\laragon\www\spk_maut\vendor\codeigniter4\framework\system\Config\Services.php(524): CodeIgniter\Config\BaseService::__callStatic('incomingrequest', Array)
#12 E:\laragon\www\spk_maut\vendor\codeigniter4\framework\system\Config\BaseService.php(258): CodeIgniter\Config\Services::request(NULL, false)
#13 E:\laragon\www\spk_maut\vendor\codeigniter4\framework\system\Config\BaseService.php(199): CodeIgniter\Config\BaseService::__callStatic('request', Array)
#14 E:\laragon\www\spk_maut\vendor\codeigniter4\framework\system\Config\Services.php(520): CodeIgniter\Config\BaseService::getSharedInstance('request', NULL)
#15 E:\laragon\www\spk_maut\vendor\codeigniter4\framework\system\Config\BaseService.php(258): CodeIgniter\Config\Services::request()
#16 E:\laragon\www\spk_maut\vendor\codeigniter4\framework\system\Debug\Exceptions.php(150): CodeIgniter\Config\BaseService::__callStatic('request', Array)
#17 [internal function]: CodeIgniter\Debug\Exceptions->exceptionHandler(Object(CodeIgniter\Exceptions\ConfigException))
#18 {main}
  thrown
【Previous Exception】
CodeIgniter\Exceptions\ConfigException
Config\App::$baseURL "http://spk_maut.test/" is not a valid URL.
#0 E:\laragon\www\spk_maut\vendor\codeigniter4\framework\system\HTTP\SiteURI.php(145): CodeIgniter\HTTP\SiteURI->normalizeBaseURL(Object(Config\App))
#1 E:\laragon\www\spk_maut\vendor\codeigniter4\framework\system\HTTP\SiteURI.php(100): CodeIgniter\HTTP\SiteURI->determineBaseURL(Object(Config\App), NULL, NULL)
#2 E:\laragon\www\spk_maut\vendor\codeigniter4\framework\system\HTTP\SiteURIFactory.php(224): CodeIgniter\HTTP\SiteURI->__construct(Object(Config\App), 'kriteria', NULL)
#3 E:\laragon\www\spk_maut\vendor\codeigniter4\framework\system\HTTP\SiteURIFactory.php(45): CodeIgniter\HTTP\SiteURIFactory->createURIFromRoutePath('kriteria')
#4 E:\laragon\www\spk_maut\vendor\codeigniter4\framework\system\Config\Services.php(799): CodeIgniter\HTTP\SiteURIFactory->createFromGlobals()
#5 E:\laragon\www\spk_maut\vendor\codeigniter4\framework\system\Config\BaseService.php(258): CodeIgniter\Config\Services::uri(NULL, false)
#6 E:\laragon\www\spk_maut\vendor\codeigniter4\framework\system\Config\BaseService.php(199): CodeIgniter\Config\BaseService::__callStatic('uri', Array)
#7 E:\laragon\www\spk_maut\vendor\codeigniter4\framework\system\Config\Services.php(792): CodeIgniter\Config\BaseService::getSharedInstance('uri', NULL)
#8 E:\laragon\www\spk_maut\vendor\codeigniter4\framework\system\Config\BaseService.php(258): CodeIgniter\Config\Services::uri()
#9 E:\laragon\www\spk_maut\vendor\codeigniter4\framework\system\Config\Services.php(566): CodeIgniter\Config\BaseService::__callStatic('uri', Array)
#10 E:\laragon\www\spk_maut\vendor\codeigniter4\framework\system\Config\BaseService.php(258): CodeIgniter\Config\Services::incomingrequest(Object(Config\App), false)
#11 E:\laragon\www\spk_maut\vendor\codeigniter4\framework\system\Config\Services.php(524): CodeIgniter\Config\BaseService::__callStatic('incomingrequest', Array)
#12 E:\laragon\www\spk_maut\vendor\codeigniter4\framework\system\Config\BaseService.php(258): CodeIgniter\Config\Services::request(Object(Config\App), false)
#13 E:\laragon\www\spk_maut\vendor\codeigniter4\framework\system\Config\BaseService.php(199): CodeIgniter\Config\BaseService::__callStatic('request', Array)
#14 E:\laragon\www\spk_maut\vendor\codeigniter4\framework\system\Config\Services.php(559): CodeIgniter\Config\BaseService::getSharedInstance('request', Object(Config\App))
#15 E:\laragon\www\spk_maut\vendor\codeigniter4\framework\system\Config\BaseService.php(258): CodeIgniter\Config\Services::incomingrequest(Object(Config\App))
#16 E:\laragon\www\spk_maut\vendor\codeigniter4\framework\system\Config\Services.php(539): CodeIgniter\Config\BaseService::__callStatic('incomingrequest', Array)
#17 E:\laragon\www\spk_maut\vendor\codeigniter4\framework\system\Config\BaseService.php(258): CodeIgniter\Config\Services::createRequest(Object(Config\App))
#18 E:\laragon\www\spk_maut\vendor\codeigniter4\framework\system\CodeIgniter.php(655): CodeIgniter\Config\BaseService::__callStatic('createRequest', Array)
#19 E:\laragon\www\spk_maut\vendor\codeigniter4\framework\system\CodeIgniter.php(355): CodeIgniter\CodeIgniter->getRequestObject()
#20 E:\laragon\www\spk_maut\public\index.php(79): CodeIgniter\CodeIgniter->run()
#21 {main}
in SYSTEMPATH\HTTP\SiteURI.php on line 199.
 1 [internal function]: CodeIgniter\Debug\Exceptions->shutdownHandler()
CRITICAL - 2024-07-18 14:50:31 --> CodeIgniter\Exceptions\ConfigException: Config\App::$baseURL "http://spk_maut.test/" is not a valid URL.
in SYSTEMPATH\HTTP\SiteURI.php on line 199.
 1 SYSTEMPATH\HTTP\SiteURI.php(145): CodeIgniter\HTTP\SiteURI->normalizeBaseURL(Object(Config\App))
 2 SYSTEMPATH\HTTP\SiteURI.php(100): CodeIgniter\HTTP\SiteURI->determineBaseURL(Object(Config\App), null, null)
 3 SYSTEMPATH\HTTP\SiteURIFactory.php(224): CodeIgniter\HTTP\SiteURI->__construct(Object(Config\App), 'kriteria', null)
 4 SYSTEMPATH\HTTP\SiteURIFactory.php(45): CodeIgniter\HTTP\SiteURIFactory->createURIFromRoutePath('kriteria')
 5 SYSTEMPATH\Config\Services.php(799): CodeIgniter\HTTP\SiteURIFactory->createFromGlobals()
 6 SYSTEMPATH\Config\BaseService.php(258): CodeIgniter\Config\Services::uri(null, false)
 7 SYSTEMPATH\Config\BaseService.php(199): CodeIgniter\Config\BaseService::__callStatic('uri', [...])
 8 SYSTEMPATH\Config\Services.php(792): CodeIgniter\Config\BaseService::getSharedInstance('uri', null)
 9 SYSTEMPATH\Config\BaseService.php(258): CodeIgniter\Config\Services::uri()
10 SYSTEMPATH\Config\Services.php(566): CodeIgniter\Config\BaseService::__callStatic('uri', [])
11 SYSTEMPATH\Config\BaseService.php(258): CodeIgniter\Config\Services::incomingrequest(Object(Config\App), false)
12 SYSTEMPATH\Config\Services.php(524): CodeIgniter\Config\BaseService::__callStatic('incomingrequest', [...])
13 SYSTEMPATH\Config\BaseService.php(258): CodeIgniter\Config\Services::request(Object(Config\App), false)
14 SYSTEMPATH\Config\BaseService.php(199): CodeIgniter\Config\BaseService::__callStatic('request', [...])
15 SYSTEMPATH\Config\Services.php(559): CodeIgniter\Config\BaseService::getSharedInstance('request', Object(Config\App))
16 SYSTEMPATH\Config\BaseService.php(258): CodeIgniter\Config\Services::incomingrequest(Object(Config\App))
17 SYSTEMPATH\Config\Services.php(539): CodeIgniter\Config\BaseService::__callStatic('incomingrequest', [...])
18 SYSTEMPATH\Config\BaseService.php(258): CodeIgniter\Config\Services::createRequest(Object(Config\App))
19 SYSTEMPATH\CodeIgniter.php(655): CodeIgniter\Config\BaseService::__callStatic('createRequest', [...])
20 SYSTEMPATH\CodeIgniter.php(355): CodeIgniter\CodeIgniter->getRequestObject()
21 FCPATH\index.php(79): CodeIgniter\CodeIgniter->run()
CRITICAL - 2024-07-18 14:50:31 --> ErrorException: Uncaught CodeIgniter\Exceptions\ConfigException: Config\App::$baseURL "http://spk_maut.test/" is not a valid URL. in E:\laragon\www\spk_maut\vendor\codeigniter4\framework\system\HTTP\SiteURI.php:199
Stack trace:
#0 E:\laragon\www\spk_maut\vendor\codeigniter4\framework\system\HTTP\SiteURI.php(145): CodeIgniter\HTTP\SiteURI->normalizeBaseURL(Object(Config\App))
#1 E:\laragon\www\spk_maut\vendor\codeigniter4\framework\system\HTTP\SiteURI.php(100): CodeIgniter\HTTP\SiteURI->determineBaseURL(Object(Config\App), NULL, NULL)
#2 E:\laragon\www\spk_maut\vendor\codeigniter4\framework\system\HTTP\SiteURIFactory.php(224): CodeIgniter\HTTP\SiteURI->__construct(Object(Config\App), 'kriteria', NULL)
#3 E:\laragon\www\spk_maut\vendor\codeigniter4\framework\system\HTTP\SiteURIFactory.php(45): CodeIgniter\HTTP\SiteURIFactory->createURIFromRoutePath('kriteria')
#4 E:\laragon\www\spk_maut\vendor\codeigniter4\framework\system\Config\Services.php(799): CodeIgniter\HTTP\SiteURIFactory->createFromGlobals()
#5 E:\laragon\www\spk_maut\vendor\codeigniter4\framework\system\Config\BaseService.php(258): CodeIgniter\Config\Services::uri(NULL, false)
#6 E:\laragon\www\spk_maut\vendor\codeigniter4\framework\system\Config\BaseService.php(199): CodeIgniter\Config\BaseService::__callStatic('uri', Array)
#7 E:\laragon\www\spk_maut\vendor\codeigniter4\framework\system\Config\Services.php(792): CodeIgniter\Config\BaseService::getSharedInstance('uri', NULL)
#8 E:\laragon\www\spk_maut\vendor\codeigniter4\framework\system\Config\BaseService.php(258): CodeIgniter\Config\Services::uri()
#9 E:\laragon\www\spk_maut\vendor\codeigniter4\framework\system\Config\Services.php(566): CodeIgniter\Config\BaseService::__callStatic('uri', Array)
#10 E:\laragon\www\spk_maut\vendor\codeigniter4\framework\system\Config\BaseService.php(258): CodeIgniter\Config\Services::incomingrequest(Object(Config\App), false)
#11 E:\laragon\www\spk_maut\vendor\codeigniter4\framework\system\Config\Services.php(524): CodeIgniter\Config\BaseService::__callStatic('incomingrequest', Array)
#12 E:\laragon\www\spk_maut\vendor\codeigniter4\framework\system\Config\BaseService.php(258): CodeIgniter\Config\Services::request(NULL, false)
#13 E:\laragon\www\spk_maut\vendor\codeigniter4\framework\system\Config\BaseService.php(199): CodeIgniter\Config\BaseService::__callStatic('request', Array)
#14 E:\laragon\www\spk_maut\vendor\codeigniter4\framework\system\Config\Services.php(520): CodeIgniter\Config\BaseService::getSharedInstance('request', NULL)
#15 E:\laragon\www\spk_maut\vendor\codeigniter4\framework\system\Config\BaseService.php(258): CodeIgniter\Config\Services::request()
#16 E:\laragon\www\spk_maut\vendor\codeigniter4\framework\system\Debug\Exceptions.php(150): CodeIgniter\Config\BaseService::__callStatic('request', Array)
#17 [internal function]: CodeIgniter\Debug\Exceptions->exceptionHandler(Object(CodeIgniter\Exceptions\ConfigException))
#18 {main}
  thrown
【Previous Exception】
CodeIgniter\Exceptions\ConfigException
Config\App::$baseURL "http://spk_maut.test/" is not a valid URL.
#0 E:\laragon\www\spk_maut\vendor\codeigniter4\framework\system\HTTP\SiteURI.php(145): CodeIgniter\HTTP\SiteURI->normalizeBaseURL(Object(Config\App))
#1 E:\laragon\www\spk_maut\vendor\codeigniter4\framework\system\HTTP\SiteURI.php(100): CodeIgniter\HTTP\SiteURI->determineBaseURL(Object(Config\App), NULL, NULL)
#2 E:\laragon\www\spk_maut\vendor\codeigniter4\framework\system\HTTP\SiteURIFactory.php(224): CodeIgniter\HTTP\SiteURI->__construct(Object(Config\App), 'kriteria', NULL)
#3 E:\laragon\www\spk_maut\vendor\codeigniter4\framework\system\HTTP\SiteURIFactory.php(45): CodeIgniter\HTTP\SiteURIFactory->createURIFromRoutePath('kriteria')
#4 E:\laragon\www\spk_maut\vendor\codeigniter4\framework\system\Config\Services.php(799): CodeIgniter\HTTP\SiteURIFactory->createFromGlobals()
#5 E:\laragon\www\spk_maut\vendor\codeigniter4\framework\system\Config\BaseService.php(258): CodeIgniter\Config\Services::uri(NULL, false)
#6 E:\laragon\www\spk_maut\vendor\codeigniter4\framework\system\Config\BaseService.php(199): CodeIgniter\Config\BaseService::__callStatic('uri', Array)
#7 E:\laragon\www\spk_maut\vendor\codeigniter4\framework\system\Config\Services.php(792): CodeIgniter\Config\BaseService::getSharedInstance('uri', NULL)
#8 E:\laragon\www\spk_maut\vendor\codeigniter4\framework\system\Config\BaseService.php(258): CodeIgniter\Config\Services::uri()
#9 E:\laragon\www\spk_maut\vendor\codeigniter4\framework\system\Config\Services.php(566): CodeIgniter\Config\BaseService::__callStatic('uri', Array)
#10 E:\laragon\www\spk_maut\vendor\codeigniter4\framework\system\Config\BaseService.php(258): CodeIgniter\Config\Services::incomingrequest(Object(Config\App), false)
#11 E:\laragon\www\spk_maut\vendor\codeigniter4\framework\system\Config\Services.php(524): CodeIgniter\Config\BaseService::__callStatic('incomingrequest', Array)
#12 E:\laragon\www\spk_maut\vendor\codeigniter4\framework\system\Config\BaseService.php(258): CodeIgniter\Config\Services::request(Object(Config\App), false)
#13 E:\laragon\www\spk_maut\vendor\codeigniter4\framework\system\Config\BaseService.php(199): CodeIgniter\Config\BaseService::__callStatic('request', Array)
#14 E:\laragon\www\spk_maut\vendor\codeigniter4\framework\system\Config\Services.php(559): CodeIgniter\Config\BaseService::getSharedInstance('request', Object(Config\App))
#15 E:\laragon\www\spk_maut\vendor\codeigniter4\framework\system\Config\BaseService.php(258): CodeIgniter\Config\Services::incomingrequest(Object(Config\App))
#16 E:\laragon\www\spk_maut\vendor\codeigniter4\framework\system\Config\Services.php(539): CodeIgniter\Config\BaseService::__callStatic('incomingrequest', Array)
#17 E:\laragon\www\spk_maut\vendor\codeigniter4\framework\system\Config\BaseService.php(258): CodeIgniter\Config\Services::createRequest(Object(Config\App))
#18 E:\laragon\www\spk_maut\vendor\codeigniter4\framework\system\CodeIgniter.php(655): CodeIgniter\Config\BaseService::__callStatic('createRequest', Array)
#19 E:\laragon\www\spk_maut\vendor\codeigniter4\framework\system\CodeIgniter.php(355): CodeIgniter\CodeIgniter->getRequestObject()
#20 E:\laragon\www\spk_maut\public\index.php(79): CodeIgniter\CodeIgniter->run()
#21 {main}
in SYSTEMPATH\HTTP\SiteURI.php on line 199.
 1 [internal function]: CodeIgniter\Debug\Exceptions->shutdownHandler()
CRITICAL - 2024-07-18 14:50:31 --> CodeIgniter\Exceptions\ConfigException: Config\App::$baseURL "http://spk_maut.test/" is not a valid URL.
in SYSTEMPATH\HTTP\SiteURI.php on line 199.
 1 SYSTEMPATH\HTTP\SiteURI.php(145): CodeIgniter\HTTP\SiteURI->normalizeBaseURL(Object(Config\App))
 2 SYSTEMPATH\HTTP\SiteURI.php(100): CodeIgniter\HTTP\SiteURI->determineBaseURL(Object(Config\App), null, null)
 3 SYSTEMPATH\HTTP\SiteURIFactory.php(224): CodeIgniter\HTTP\SiteURI->__construct(Object(Config\App), 'kriteria', null)
 4 SYSTEMPATH\HTTP\SiteURIFactory.php(45): CodeIgniter\HTTP\SiteURIFactory->createURIFromRoutePath('kriteria')
 5 SYSTEMPATH\Config\Services.php(799): CodeIgniter\HTTP\SiteURIFactory->createFromGlobals()
 6 SYSTEMPATH\Config\BaseService.php(258): CodeIgniter\Config\Services::uri(null, false)
 7 SYSTEMPATH\Config\BaseService.php(199): CodeIgniter\Config\BaseService::__callStatic('uri', [...])
 8 SYSTEMPATH\Config\Services.php(792): CodeIgniter\Config\BaseService::getSharedInstance('uri', null)
 9 SYSTEMPATH\Config\BaseService.php(258): CodeIgniter\Config\Services::uri()
10 SYSTEMPATH\Config\Services.php(566): CodeIgniter\Config\BaseService::__callStatic('uri', [])
11 SYSTEMPATH\Config\BaseService.php(258): CodeIgniter\Config\Services::incomingrequest(Object(Config\App), false)
12 SYSTEMPATH\Config\Services.php(524): CodeIgniter\Config\BaseService::__callStatic('incomingrequest', [...])
13 SYSTEMPATH\Config\BaseService.php(258): CodeIgniter\Config\Services::request(Object(Config\App), false)
14 SYSTEMPATH\Config\BaseService.php(199): CodeIgniter\Config\BaseService::__callStatic('request', [...])
15 SYSTEMPATH\Config\Services.php(559): CodeIgniter\Config\BaseService::getSharedInstance('request', Object(Config\App))
16 SYSTEMPATH\Config\BaseService.php(258): CodeIgniter\Config\Services::incomingrequest(Object(Config\App))
17 SYSTEMPATH\Config\Services.php(539): CodeIgniter\Config\BaseService::__callStatic('incomingrequest', [...])
18 SYSTEMPATH\Config\BaseService.php(258): CodeIgniter\Config\Services::createRequest(Object(Config\App))
19 SYSTEMPATH\CodeIgniter.php(655): CodeIgniter\Config\BaseService::__callStatic('createRequest', [...])
20 SYSTEMPATH\CodeIgniter.php(355): CodeIgniter\CodeIgniter->getRequestObject()
21 FCPATH\index.php(79): CodeIgniter\CodeIgniter->run()
CRITICAL - 2024-07-18 14:50:31 --> ErrorException: Uncaught CodeIgniter\Exceptions\ConfigException: Config\App::$baseURL "http://spk_maut.test/" is not a valid URL. in E:\laragon\www\spk_maut\vendor\codeigniter4\framework\system\HTTP\SiteURI.php:199
Stack trace:
#0 E:\laragon\www\spk_maut\vendor\codeigniter4\framework\system\HTTP\SiteURI.php(145): CodeIgniter\HTTP\SiteURI->normalizeBaseURL(Object(Config\App))
#1 E:\laragon\www\spk_maut\vendor\codeigniter4\framework\system\HTTP\SiteURI.php(100): CodeIgniter\HTTP\SiteURI->determineBaseURL(Object(Config\App), NULL, NULL)
#2 E:\laragon\www\spk_maut\vendor\codeigniter4\framework\system\HTTP\SiteURIFactory.php(224): CodeIgniter\HTTP\SiteURI->__construct(Object(Config\App), 'kriteria', NULL)
#3 E:\laragon\www\spk_maut\vendor\codeigniter4\framework\system\HTTP\SiteURIFactory.php(45): CodeIgniter\HTTP\SiteURIFactory->createURIFromRoutePath('kriteria')
#4 E:\laragon\www\spk_maut\vendor\codeigniter4\framework\system\Config\Services.php(799): CodeIgniter\HTTP\SiteURIFactory->createFromGlobals()
#5 E:\laragon\www\spk_maut\vendor\codeigniter4\framework\system\Config\BaseService.php(258): CodeIgniter\Config\Services::uri(NULL, false)
#6 E:\laragon\www\spk_maut\vendor\codeigniter4\framework\system\Config\BaseService.php(199): CodeIgniter\Config\BaseService::__callStatic('uri', Array)
#7 E:\laragon\www\spk_maut\vendor\codeigniter4\framework\system\Config\Services.php(792): CodeIgniter\Config\BaseService::getSharedInstance('uri', NULL)
#8 E:\laragon\www\spk_maut\vendor\codeigniter4\framework\system\Config\BaseService.php(258): CodeIgniter\Config\Services::uri()
#9 E:\laragon\www\spk_maut\vendor\codeigniter4\framework\system\Config\Services.php(566): CodeIgniter\Config\BaseService::__callStatic('uri', Array)
#10 E:\laragon\www\spk_maut\vendor\codeigniter4\framework\system\Config\BaseService.php(258): CodeIgniter\Config\Services::incomingrequest(Object(Config\App), false)
#11 E:\laragon\www\spk_maut\vendor\codeigniter4\framework\system\Config\Services.php(524): CodeIgniter\Config\BaseService::__callStatic('incomingrequest', Array)
#12 E:\laragon\www\spk_maut\vendor\codeigniter4\framework\system\Config\BaseService.php(258): CodeIgniter\Config\Services::request(NULL, false)
#13 E:\laragon\www\spk_maut\vendor\codeigniter4\framework\system\Config\BaseService.php(199): CodeIgniter\Config\BaseService::__callStatic('request', Array)
#14 E:\laragon\www\spk_maut\vendor\codeigniter4\framework\system\Config\Services.php(520): CodeIgniter\Config\BaseService::getSharedInstance('request', NULL)
#15 E:\laragon\www\spk_maut\vendor\codeigniter4\framework\system\Config\BaseService.php(258): CodeIgniter\Config\Services::request()
#16 E:\laragon\www\spk_maut\vendor\codeigniter4\framework\system\Debug\Exceptions.php(150): CodeIgniter\Config\BaseService::__callStatic('request', Array)
#17 [internal function]: CodeIgniter\Debug\Exceptions->exceptionHandler(Object(CodeIgniter\Exceptions\ConfigException))
#18 {main}
  thrown
【Previous Exception】
CodeIgniter\Exceptions\ConfigException
Config\App::$baseURL "http://spk_maut.test/" is not a valid URL.
#0 E:\laragon\www\spk_maut\vendor\codeigniter4\framework\system\HTTP\SiteURI.php(145): CodeIgniter\HTTP\SiteURI->normalizeBaseURL(Object(Config\App))
#1 E:\laragon\www\spk_maut\vendor\codeigniter4\framework\system\HTTP\SiteURI.php(100): CodeIgniter\HTTP\SiteURI->determineBaseURL(Object(Config\App), NULL, NULL)
#2 E:\laragon\www\spk_maut\vendor\codeigniter4\framework\system\HTTP\SiteURIFactory.php(224): CodeIgniter\HTTP\SiteURI->__construct(Object(Config\App), 'kriteria', NULL)
#3 E:\laragon\www\spk_maut\vendor\codeigniter4\framework\system\HTTP\SiteURIFactory.php(45): CodeIgniter\HTTP\SiteURIFactory->createURIFromRoutePath('kriteria')
#4 E:\laragon\www\spk_maut\vendor\codeigniter4\framework\system\Config\Services.php(799): CodeIgniter\HTTP\SiteURIFactory->createFromGlobals()
#5 E:\laragon\www\spk_maut\vendor\codeigniter4\framework\system\Config\BaseService.php(258): CodeIgniter\Config\Services::uri(NULL, false)
#6 E:\laragon\www\spk_maut\vendor\codeigniter4\framework\system\Config\BaseService.php(199): CodeIgniter\Config\BaseService::__callStatic('uri', Array)
#7 E:\laragon\www\spk_maut\vendor\codeigniter4\framework\system\Config\Services.php(792): CodeIgniter\Config\BaseService::getSharedInstance('uri', NULL)
#8 E:\laragon\www\spk_maut\vendor\codeigniter4\framework\system\Config\BaseService.php(258): CodeIgniter\Config\Services::uri()
#9 E:\laragon\www\spk_maut\vendor\codeigniter4\framework\system\Config\Services.php(566): CodeIgniter\Config\BaseService::__callStatic('uri', Array)
#10 E:\laragon\www\spk_maut\vendor\codeigniter4\framework\system\Config\BaseService.php(258): CodeIgniter\Config\Services::incomingrequest(Object(Config\App), false)
#11 E:\laragon\www\spk_maut\vendor\codeigniter4\framework\system\Config\Services.php(524): CodeIgniter\Config\BaseService::__callStatic('incomingrequest', Array)
#12 E:\laragon\www\spk_maut\vendor\codeigniter4\framework\system\Config\BaseService.php(258): CodeIgniter\Config\Services::request(Object(Config\App), false)
#13 E:\laragon\www\spk_maut\vendor\codeigniter4\framework\system\Config\BaseService.php(199): CodeIgniter\Config\BaseService::__callStatic('request', Array)
#14 E:\laragon\www\spk_maut\vendor\codeigniter4\framework\system\Config\Services.php(559): CodeIgniter\Config\BaseService::getSharedInstance('request', Object(Config\App))
#15 E:\laragon\www\spk_maut\vendor\codeigniter4\framework\system\Config\BaseService.php(258): CodeIgniter\Config\Services::incomingrequest(Object(Config\App))
#16 E:\laragon\www\spk_maut\vendor\codeigniter4\framework\system\Config\Services.php(539): CodeIgniter\Config\BaseService::__callStatic('incomingrequest', Array)
#17 E:\laragon\www\spk_maut\vendor\codeigniter4\framework\system\Config\BaseService.php(258): CodeIgniter\Config\Services::createRequest(Object(Config\App))
#18 E:\laragon\www\spk_maut\vendor\codeigniter4\framework\system\CodeIgniter.php(655): CodeIgniter\Config\BaseService::__callStatic('createRequest', Array)
#19 E:\laragon\www\spk_maut\vendor\codeigniter4\framework\system\CodeIgniter.php(355): CodeIgniter\CodeIgniter->getRequestObject()
#20 E:\laragon\www\spk_maut\public\index.php(79): CodeIgniter\CodeIgniter->run()
#21 {main}
in SYSTEMPATH\HTTP\SiteURI.php on line 199.
 1 [internal function]: CodeIgniter\Debug\Exceptions->shutdownHandler()
CRITICAL - 2024-07-18 15:02:33 --> CodeIgniter\Exceptions\ConfigException: Config\App::$baseURL "http://spk_maut.test/" is not a valid URL.
in SYSTEMPATH\HTTP\SiteURI.php on line 199.
 1 SYSTEMPATH\HTTP\SiteURI.php(145): CodeIgniter\HTTP\SiteURI->normalizeBaseURL(Object(Config\App))
 2 SYSTEMPATH\HTTP\SiteURI.php(100): CodeIgniter\HTTP\SiteURI->determineBaseURL(Object(Config\App), null, null)
 3 SYSTEMPATH\HTTP\SiteURIFactory.php(224): CodeIgniter\HTTP\SiteURI->__construct(Object(Config\App), '/', null)
 4 SYSTEMPATH\HTTP\SiteURIFactory.php(45): CodeIgniter\HTTP\SiteURIFactory->createURIFromRoutePath('/')
 5 SYSTEMPATH\Config\Services.php(799): CodeIgniter\HTTP\SiteURIFactory->createFromGlobals()
 6 SYSTEMPATH\Config\BaseService.php(258): CodeIgniter\Config\Services::uri(null, false)
 7 SYSTEMPATH\Config\BaseService.php(199): CodeIgniter\Config\BaseService::__callStatic('uri', [...])
 8 SYSTEMPATH\Config\Services.php(792): CodeIgniter\Config\BaseService::getSharedInstance('uri', null)
 9 SYSTEMPATH\Config\BaseService.php(258): CodeIgniter\Config\Services::uri()
10 SYSTEMPATH\Config\Services.php(566): CodeIgniter\Config\BaseService::__callStatic('uri', [])
11 SYSTEMPATH\Config\BaseService.php(258): CodeIgniter\Config\Services::incomingrequest(Object(Config\App), false)
12 SYSTEMPATH\Config\Services.php(524): CodeIgniter\Config\BaseService::__callStatic('incomingrequest', [...])
13 SYSTEMPATH\Config\BaseService.php(258): CodeIgniter\Config\Services::request(Object(Config\App), false)
14 SYSTEMPATH\Config\BaseService.php(199): CodeIgniter\Config\BaseService::__callStatic('request', [...])
15 SYSTEMPATH\Config\Services.php(559): CodeIgniter\Config\BaseService::getSharedInstance('request', Object(Config\App))
16 SYSTEMPATH\Config\BaseService.php(258): CodeIgniter\Config\Services::incomingrequest(Object(Config\App))
17 SYSTEMPATH\Config\Services.php(539): CodeIgniter\Config\BaseService::__callStatic('incomingrequest', [...])
18 SYSTEMPATH\Config\BaseService.php(258): CodeIgniter\Config\Services::createRequest(Object(Config\App))
19 SYSTEMPATH\CodeIgniter.php(655): CodeIgniter\Config\BaseService::__callStatic('createRequest', [...])
20 SYSTEMPATH\CodeIgniter.php(355): CodeIgniter\CodeIgniter->getRequestObject()
21 FCPATH\index.php(79): CodeIgniter\CodeIgniter->run()
CRITICAL - 2024-07-18 15:02:33 --> ErrorException: Uncaught CodeIgniter\Exceptions\ConfigException: Config\App::$baseURL "http://spk_maut.test/" is not a valid URL. in E:\laragon\www\spk_maut\vendor\codeigniter4\framework\system\HTTP\SiteURI.php:199
Stack trace:
#0 E:\laragon\www\spk_maut\vendor\codeigniter4\framework\system\HTTP\SiteURI.php(145): CodeIgniter\HTTP\SiteURI->normalizeBaseURL(Object(Config\App))
#1 E:\laragon\www\spk_maut\vendor\codeigniter4\framework\system\HTTP\SiteURI.php(100): CodeIgniter\HTTP\SiteURI->determineBaseURL(Object(Config\App), NULL, NULL)
#2 E:\laragon\www\spk_maut\vendor\codeigniter4\framework\system\HTTP\SiteURIFactory.php(224): CodeIgniter\HTTP\SiteURI->__construct(Object(Config\App), '/', NULL)
#3 E:\laragon\www\spk_maut\vendor\codeigniter4\framework\system\HTTP\SiteURIFactory.php(45): CodeIgniter\HTTP\SiteURIFactory->createURIFromRoutePath('/')
#4 E:\laragon\www\spk_maut\vendor\codeigniter4\framework\system\Config\Services.php(799): CodeIgniter\HTTP\SiteURIFactory->createFromGlobals()
#5 E:\laragon\www\spk_maut\vendor\codeigniter4\framework\system\Config\BaseService.php(258): CodeIgniter\Config\Services::uri(NULL, false)
#6 E:\laragon\www\spk_maut\vendor\codeigniter4\framework\system\Config\BaseService.php(199): CodeIgniter\Config\BaseService::__callStatic('uri', Array)
#7 E:\laragon\www\spk_maut\vendor\codeigniter4\framework\system\Config\Services.php(792): CodeIgniter\Config\BaseService::getSharedInstance('uri', NULL)
#8 E:\laragon\www\spk_maut\vendor\codeigniter4\framework\system\Config\BaseService.php(258): CodeIgniter\Config\Services::uri()
#9 E:\laragon\www\spk_maut\vendor\codeigniter4\framework\system\Config\Services.php(566): CodeIgniter\Config\BaseService::__callStatic('uri', Array)
#10 E:\laragon\www\spk_maut\vendor\codeigniter4\framework\system\Config\BaseService.php(258): CodeIgniter\Config\Services::incomingrequest(Object(Config\App), false)
#11 E:\laragon\www\spk_maut\vendor\codeigniter4\framework\system\Config\Services.php(524): CodeIgniter\Config\BaseService::__callStatic('incomingrequest', Array)
#12 E:\laragon\www\spk_maut\vendor\codeigniter4\framework\system\Config\BaseService.php(258): CodeIgniter\Config\Services::request(NULL, false)
#13 E:\laragon\www\spk_maut\vendor\codeigniter4\framework\system\Config\BaseService.php(199): CodeIgniter\Config\BaseService::__callStatic('request', Array)
#14 E:\laragon\www\spk_maut\vendor\codeigniter4\framework\system\Config\Services.php(520): CodeIgniter\Config\BaseService::getSharedInstance('request', NULL)
#15 E:\laragon\www\spk_maut\vendor\codeigniter4\framework\system\Config\BaseService.php(258): CodeIgniter\Config\Services::request()
#16 E:\laragon\www\spk_maut\vendor\codeigniter4\framework\system\Debug\Exceptions.php(150): CodeIgniter\Config\BaseService::__callStatic('request', Array)
#17 [internal function]: CodeIgniter\Debug\Exceptions->exceptionHandler(Object(CodeIgniter\Exceptions\ConfigException))
#18 {main}
  thrown
【Previous Exception】
CodeIgniter\Exceptions\ConfigException
Config\App::$baseURL "http://spk_maut.test/" is not a valid URL.
#0 E:\laragon\www\spk_maut\vendor\codeigniter4\framework\system\HTTP\SiteURI.php(145): CodeIgniter\HTTP\SiteURI->normalizeBaseURL(Object(Config\App))
#1 E:\laragon\www\spk_maut\vendor\codeigniter4\framework\system\HTTP\SiteURI.php(100): CodeIgniter\HTTP\SiteURI->determineBaseURL(Object(Config\App), NULL, NULL)
#2 E:\laragon\www\spk_maut\vendor\codeigniter4\framework\system\HTTP\SiteURIFactory.php(224): CodeIgniter\HTTP\SiteURI->__construct(Object(Config\App), '/', NULL)
#3 E:\laragon\www\spk_maut\vendor\codeigniter4\framework\system\HTTP\SiteURIFactory.php(45): CodeIgniter\HTTP\SiteURIFactory->createURIFromRoutePath('/')
#4 E:\laragon\www\spk_maut\vendor\codeigniter4\framework\system\Config\Services.php(799): CodeIgniter\HTTP\SiteURIFactory->createFromGlobals()
#5 E:\laragon\www\spk_maut\vendor\codeigniter4\framework\system\Config\BaseService.php(258): CodeIgniter\Config\Services::uri(NULL, false)
#6 E:\laragon\www\spk_maut\vendor\codeigniter4\framework\system\Config\BaseService.php(199): CodeIgniter\Config\BaseService::__callStatic('uri', Array)
#7 E:\laragon\www\spk_maut\vendor\codeigniter4\framework\system\Config\Services.php(792): CodeIgniter\Config\BaseService::getSharedInstance('uri', NULL)
#8 E:\laragon\www\spk_maut\vendor\codeigniter4\framework\system\Config\BaseService.php(258): CodeIgniter\Config\Services::uri()
#9 E:\laragon\www\spk_maut\vendor\codeigniter4\framework\system\Config\Services.php(566): CodeIgniter\Config\BaseService::__callStatic('uri', Array)
#10 E:\laragon\www\spk_maut\vendor\codeigniter4\framework\system\Config\BaseService.php(258): CodeIgniter\Config\Services::incomingrequest(Object(Config\App), false)
#11 E:\laragon\www\spk_maut\vendor\codeigniter4\framework\system\Config\Services.php(524): CodeIgniter\Config\BaseService::__callStatic('incomingrequest', Array)
#12 E:\laragon\www\spk_maut\vendor\codeigniter4\framework\system\Config\BaseService.php(258): CodeIgniter\Config\Services::request(Object(Config\App), false)
#13 E:\laragon\www\spk_maut\vendor\codeigniter4\framework\system\Config\BaseService.php(199): CodeIgniter\Config\BaseService::__callStatic('request', Array)
#14 E:\laragon\www\spk_maut\vendor\codeigniter4\framework\system\Config\Services.php(559): CodeIgniter\Config\BaseService::getSharedInstance('request', Object(Config\App))
#15 E:\laragon\www\spk_maut\vendor\codeigniter4\framework\system\Config\BaseService.php(258): CodeIgniter\Config\Services::incomingrequest(Object(Config\App))
#16 E:\laragon\www\spk_maut\vendor\codeigniter4\framework\system\Config\Services.php(539): CodeIgniter\Config\BaseService::__callStatic('incomingrequest', Array)
#17 E:\laragon\www\spk_maut\vendor\codeigniter4\framework\system\Config\BaseService.php(258): CodeIgniter\Config\Services::createRequest(Object(Config\App))
#18 E:\laragon\www\spk_maut\vendor\codeigniter4\framework\system\CodeIgniter.php(655): CodeIgniter\Config\BaseService::__callStatic('createRequest', Array)
#19 E:\laragon\www\spk_maut\vendor\codeigniter4\framework\system\CodeIgniter.php(355): CodeIgniter\CodeIgniter->getRequestObject()
#20 E:\laragon\www\spk_maut\public\index.php(79): CodeIgniter\CodeIgniter->run()
#21 {main}
in SYSTEMPATH\HTTP\SiteURI.php on line 199.
 1 [internal function]: CodeIgniter\Debug\Exceptions->shutdownHandler()
CRITICAL - 2024-07-18 15:03:53 --> CodeIgniter\Exceptions\ConfigException: Config\App::$baseURL "http://spk_maut.test/" is not a valid URL.
in SYSTEMPATH\HTTP\SiteURI.php on line 199.
 1 SYSTEMPATH\HTTP\SiteURI.php(145): CodeIgniter\HTTP\SiteURI->normalizeBaseURL(Object(Config\App))
 2 SYSTEMPATH\HTTP\SiteURI.php(100): CodeIgniter\HTTP\SiteURI->determineBaseURL(Object(Config\App), null, null)
 3 SYSTEMPATH\HTTP\SiteURIFactory.php(224): CodeIgniter\HTTP\SiteURI->__construct(Object(Config\App), '/', null)
 4 SYSTEMPATH\HTTP\SiteURIFactory.php(45): CodeIgniter\HTTP\SiteURIFactory->createURIFromRoutePath('/')
 5 SYSTEMPATH\Config\Services.php(799): CodeIgniter\HTTP\SiteURIFactory->createFromGlobals()
 6 SYSTEMPATH\Config\BaseService.php(258): CodeIgniter\Config\Services::uri(null, false)
 7 SYSTEMPATH\Config\BaseService.php(199): CodeIgniter\Config\BaseService::__callStatic('uri', [...])
 8 SYSTEMPATH\Config\Services.php(792): CodeIgniter\Config\BaseService::getSharedInstance('uri', null)
 9 SYSTEMPATH\Config\BaseService.php(258): CodeIgniter\Config\Services::uri()
10 SYSTEMPATH\Config\Services.php(566): CodeIgniter\Config\BaseService::__callStatic('uri', [])
11 SYSTEMPATH\Config\BaseService.php(258): CodeIgniter\Config\Services::incomingrequest(Object(Config\App), false)
12 SYSTEMPATH\Config\Services.php(524): CodeIgniter\Config\BaseService::__callStatic('incomingrequest', [...])
13 SYSTEMPATH\Config\BaseService.php(258): CodeIgniter\Config\Services::request(Object(Config\App), false)
14 SYSTEMPATH\Config\BaseService.php(199): CodeIgniter\Config\BaseService::__callStatic('request', [...])
15 SYSTEMPATH\Config\Services.php(559): CodeIgniter\Config\BaseService::getSharedInstance('request', Object(Config\App))
16 SYSTEMPATH\Config\BaseService.php(258): CodeIgniter\Config\Services::incomingrequest(Object(Config\App))
17 SYSTEMPATH\Config\Services.php(539): CodeIgniter\Config\BaseService::__callStatic('incomingrequest', [...])
18 SYSTEMPATH\Config\BaseService.php(258): CodeIgniter\Config\Services::createRequest(Object(Config\App))
19 SYSTEMPATH\CodeIgniter.php(655): CodeIgniter\Config\BaseService::__callStatic('createRequest', [...])
20 SYSTEMPATH\CodeIgniter.php(355): CodeIgniter\CodeIgniter->getRequestObject()
21 FCPATH\index.php(79): CodeIgniter\CodeIgniter->run()
CRITICAL - 2024-07-18 15:03:53 --> ErrorException: Uncaught CodeIgniter\Exceptions\ConfigException: Config\App::$baseURL "http://spk_maut.test/" is not a valid URL. in E:\laragon\www\spk_maut\vendor\codeigniter4\framework\system\HTTP\SiteURI.php:199
Stack trace:
#0 E:\laragon\www\spk_maut\vendor\codeigniter4\framework\system\HTTP\SiteURI.php(145): CodeIgniter\HTTP\SiteURI->normalizeBaseURL(Object(Config\App))
#1 E:\laragon\www\spk_maut\vendor\codeigniter4\framework\system\HTTP\SiteURI.php(100): CodeIgniter\HTTP\SiteURI->determineBaseURL(Object(Config\App), NULL, NULL)
#2 E:\laragon\www\spk_maut\vendor\codeigniter4\framework\system\HTTP\SiteURIFactory.php(224): CodeIgniter\HTTP\SiteURI->__construct(Object(Config\App), '/', NULL)
#3 E:\laragon\www\spk_maut\vendor\codeigniter4\framework\system\HTTP\SiteURIFactory.php(45): CodeIgniter\HTTP\SiteURIFactory->createURIFromRoutePath('/')
#4 E:\laragon\www\spk_maut\vendor\codeigniter4\framework\system\Config\Services.php(799): CodeIgniter\HTTP\SiteURIFactory->createFromGlobals()
#5 E:\laragon\www\spk_maut\vendor\codeigniter4\framework\system\Config\BaseService.php(258): CodeIgniter\Config\Services::uri(NULL, false)
#6 E:\laragon\www\spk_maut\vendor\codeigniter4\framework\system\Config\BaseService.php(199): CodeIgniter\Config\BaseService::__callStatic('uri', Array)
#7 E:\laragon\www\spk_maut\vendor\codeigniter4\framework\system\Config\Services.php(792): CodeIgniter\Config\BaseService::getSharedInstance('uri', NULL)
#8 E:\laragon\www\spk_maut\vendor\codeigniter4\framework\system\Config\BaseService.php(258): CodeIgniter\Config\Services::uri()
#9 E:\laragon\www\spk_maut\vendor\codeigniter4\framework\system\Config\Services.php(566): CodeIgniter\Config\BaseService::__callStatic('uri', Array)
#10 E:\laragon\www\spk_maut\vendor\codeigniter4\framework\system\Config\BaseService.php(258): CodeIgniter\Config\Services::incomingrequest(Object(Config\App), false)
#11 E:\laragon\www\spk_maut\vendor\codeigniter4\framework\system\Config\Services.php(524): CodeIgniter\Config\BaseService::__callStatic('incomingrequest', Array)
#12 E:\laragon\www\spk_maut\vendor\codeigniter4\framework\system\Config\BaseService.php(258): CodeIgniter\Config\Services::request(NULL, false)
#13 E:\laragon\www\spk_maut\vendor\codeigniter4\framework\system\Config\BaseService.php(199): CodeIgniter\Config\BaseService::__callStatic('request', Array)
#14 E:\laragon\www\spk_maut\vendor\codeigniter4\framework\system\Config\Services.php(520): CodeIgniter\Config\BaseService::getSharedInstance('request', NULL)
#15 E:\laragon\www\spk_maut\vendor\codeigniter4\framework\system\Config\BaseService.php(258): CodeIgniter\Config\Services::request()
#16 E:\laragon\www\spk_maut\vendor\codeigniter4\framework\system\Debug\Exceptions.php(150): CodeIgniter\Config\BaseService::__callStatic('request', Array)
#17 [internal function]: CodeIgniter\Debug\Exceptions->exceptionHandler(Object(CodeIgniter\Exceptions\ConfigException))
#18 {main}
  thrown
【Previous Exception】
CodeIgniter\Exceptions\ConfigException
Config\App::$baseURL "http://spk_maut.test/" is not a valid URL.
#0 E:\laragon\www\spk_maut\vendor\codeigniter4\framework\system\HTTP\SiteURI.php(145): CodeIgniter\HTTP\SiteURI->normalizeBaseURL(Object(Config\App))
#1 E:\laragon\www\spk_maut\vendor\codeigniter4\framework\system\HTTP\SiteURI.php(100): CodeIgniter\HTTP\SiteURI->determineBaseURL(Object(Config\App), NULL, NULL)
#2 E:\laragon\www\spk_maut\vendor\codeigniter4\framework\system\HTTP\SiteURIFactory.php(224): CodeIgniter\HTTP\SiteURI->__construct(Object(Config\App), '/', NULL)
#3 E:\laragon\www\spk_maut\vendor\codeigniter4\framework\system\HTTP\SiteURIFactory.php(45): CodeIgniter\HTTP\SiteURIFactory->createURIFromRoutePath('/')
#4 E:\laragon\www\spk_maut\vendor\codeigniter4\framework\system\Config\Services.php(799): CodeIgniter\HTTP\SiteURIFactory->createFromGlobals()
#5 E:\laragon\www\spk_maut\vendor\codeigniter4\framework\system\Config\BaseService.php(258): CodeIgniter\Config\Services::uri(NULL, false)
#6 E:\laragon\www\spk_maut\vendor\codeigniter4\framework\system\Config\BaseService.php(199): CodeIgniter\Config\BaseService::__callStatic('uri', Array)
#7 E:\laragon\www\spk_maut\vendor\codeigniter4\framework\system\Config\Services.php(792): CodeIgniter\Config\BaseService::getSharedInstance('uri', NULL)
#8 E:\laragon\www\spk_maut\vendor\codeigniter4\framework\system\Config\BaseService.php(258): CodeIgniter\Config\Services::uri()
#9 E:\laragon\www\spk_maut\vendor\codeigniter4\framework\system\Config\Services.php(566): CodeIgniter\Config\BaseService::__callStatic('uri', Array)
#10 E:\laragon\www\spk_maut\vendor\codeigniter4\framework\system\Config\BaseService.php(258): CodeIgniter\Config\Services::incomingrequest(Object(Config\App), false)
#11 E:\laragon\www\spk_maut\vendor\codeigniter4\framework\system\Config\Services.php(524): CodeIgniter\Config\BaseService::__callStatic('incomingrequest', Array)
#12 E:\laragon\www\spk_maut\vendor\codeigniter4\framework\system\Config\BaseService.php(258): CodeIgniter\Config\Services::request(Object(Config\App), false)
#13 E:\laragon\www\spk_maut\vendor\codeigniter4\framework\system\Config\BaseService.php(199): CodeIgniter\Config\BaseService::__callStatic('request', Array)
#14 E:\laragon\www\spk_maut\vendor\codeigniter4\framework\system\Config\Services.php(559): CodeIgniter\Config\BaseService::getSharedInstance('request', Object(Config\App))
#15 E:\laragon\www\spk_maut\vendor\codeigniter4\framework\system\Config\BaseService.php(258): CodeIgniter\Config\Services::incomingrequest(Object(Config\App))
#16 E:\laragon\www\spk_maut\vendor\codeigniter4\framework\system\Config\Services.php(539): CodeIgniter\Config\BaseService::__callStatic('incomingrequest', Array)
#17 E:\laragon\www\spk_maut\vendor\codeigniter4\framework\system\Config\BaseService.php(258): CodeIgniter\Config\Services::createRequest(Object(Config\App))
#18 E:\laragon\www\spk_maut\vendor\codeigniter4\framework\system\CodeIgniter.php(655): CodeIgniter\Config\BaseService::__callStatic('createRequest', Array)
#19 E:\laragon\www\spk_maut\vendor\codeigniter4\framework\system\CodeIgniter.php(355): CodeIgniter\CodeIgniter->getRequestObject()
#20 E:\laragon\www\spk_maut\public\index.php(79): CodeIgniter\CodeIgniter->run()
#21 {main}
in SYSTEMPATH\HTTP\SiteURI.php on line 199.
 1 [internal function]: CodeIgniter\Debug\Exceptions->shutdownHandler()
CRITICAL - 2024-07-18 15:04:01 --> CodeIgniter\Exceptions\ConfigException: Config\App::$baseURL "http://spk_maut.test/" is not a valid URL.
in SYSTEMPATH\HTTP\SiteURI.php on line 199.
 1 SYSTEMPATH\HTTP\SiteURI.php(145): CodeIgniter\HTTP\SiteURI->normalizeBaseURL(Object(Config\App))
 2 SYSTEMPATH\HTTP\SiteURI.php(100): CodeIgniter\HTTP\SiteURI->determineBaseURL(Object(Config\App), null, null)
 3 SYSTEMPATH\HTTP\SiteURIFactory.php(224): CodeIgniter\HTTP\SiteURI->__construct(Object(Config\App), '/', null)
 4 SYSTEMPATH\HTTP\SiteURIFactory.php(45): CodeIgniter\HTTP\SiteURIFactory->createURIFromRoutePath('/')
 5 SYSTEMPATH\Config\Services.php(799): CodeIgniter\HTTP\SiteURIFactory->createFromGlobals()
 6 SYSTEMPATH\Config\BaseService.php(258): CodeIgniter\Config\Services::uri(null, false)
 7 SYSTEMPATH\Config\BaseService.php(199): CodeIgniter\Config\BaseService::__callStatic('uri', [...])
 8 SYSTEMPATH\Config\Services.php(792): CodeIgniter\Config\BaseService::getSharedInstance('uri', null)
 9 SYSTEMPATH\Config\BaseService.php(258): CodeIgniter\Config\Services::uri()
10 SYSTEMPATH\Config\Services.php(566): CodeIgniter\Config\BaseService::__callStatic('uri', [])
11 SYSTEMPATH\Config\BaseService.php(258): CodeIgniter\Config\Services::incomingrequest(Object(Config\App), false)
12 SYSTEMPATH\Config\Services.php(524): CodeIgniter\Config\BaseService::__callStatic('incomingrequest', [...])
13 SYSTEMPATH\Config\BaseService.php(258): CodeIgniter\Config\Services::request(Object(Config\App), false)
14 SYSTEMPATH\Config\BaseService.php(199): CodeIgniter\Config\BaseService::__callStatic('request', [...])
15 SYSTEMPATH\Config\Services.php(559): CodeIgniter\Config\BaseService::getSharedInstance('request', Object(Config\App))
16 SYSTEMPATH\Config\BaseService.php(258): CodeIgniter\Config\Services::incomingrequest(Object(Config\App))
17 SYSTEMPATH\Config\Services.php(539): CodeIgniter\Config\BaseService::__callStatic('incomingrequest', [...])
18 SYSTEMPATH\Config\BaseService.php(258): CodeIgniter\Config\Services::createRequest(Object(Config\App))
19 SYSTEMPATH\CodeIgniter.php(655): CodeIgniter\Config\BaseService::__callStatic('createRequest', [...])
20 SYSTEMPATH\CodeIgniter.php(355): CodeIgniter\CodeIgniter->getRequestObject()
21 FCPATH\index.php(79): CodeIgniter\CodeIgniter->run()
CRITICAL - 2024-07-18 15:04:01 --> ErrorException: Uncaught CodeIgniter\Exceptions\ConfigException: Config\App::$baseURL "http://spk_maut.test/" is not a valid URL. in E:\laragon\www\spk_maut\vendor\codeigniter4\framework\system\HTTP\SiteURI.php:199
Stack trace:
#0 E:\laragon\www\spk_maut\vendor\codeigniter4\framework\system\HTTP\SiteURI.php(145): CodeIgniter\HTTP\SiteURI->normalizeBaseURL(Object(Config\App))
#1 E:\laragon\www\spk_maut\vendor\codeigniter4\framework\system\HTTP\SiteURI.php(100): CodeIgniter\HTTP\SiteURI->determineBaseURL(Object(Config\App), NULL, NULL)
#2 E:\laragon\www\spk_maut\vendor\codeigniter4\framework\system\HTTP\SiteURIFactory.php(224): CodeIgniter\HTTP\SiteURI->__construct(Object(Config\App), '/', NULL)
#3 E:\laragon\www\spk_maut\vendor\codeigniter4\framework\system\HTTP\SiteURIFactory.php(45): CodeIgniter\HTTP\SiteURIFactory->createURIFromRoutePath('/')
#4 E:\laragon\www\spk_maut\vendor\codeigniter4\framework\system\Config\Services.php(799): CodeIgniter\HTTP\SiteURIFactory->createFromGlobals()
#5 E:\laragon\www\spk_maut\vendor\codeigniter4\framework\system\Config\BaseService.php(258): CodeIgniter\Config\Services::uri(NULL, false)
#6 E:\laragon\www\spk_maut\vendor\codeigniter4\framework\system\Config\BaseService.php(199): CodeIgniter\Config\BaseService::__callStatic('uri', Array)
#7 E:\laragon\www\spk_maut\vendor\codeigniter4\framework\system\Config\Services.php(792): CodeIgniter\Config\BaseService::getSharedInstance('uri', NULL)
#8 E:\laragon\www\spk_maut\vendor\codeigniter4\framework\system\Config\BaseService.php(258): CodeIgniter\Config\Services::uri()
#9 E:\laragon\www\spk_maut\vendor\codeigniter4\framework\system\Config\Services.php(566): CodeIgniter\Config\BaseService::__callStatic('uri', Array)
#10 E:\laragon\www\spk_maut\vendor\codeigniter4\framework\system\Config\BaseService.php(258): CodeIgniter\Config\Services::incomingrequest(Object(Config\App), false)
#11 E:\laragon\www\spk_maut\vendor\codeigniter4\framework\system\Config\Services.php(524): CodeIgniter\Config\BaseService::__callStatic('incomingrequest', Array)
#12 E:\laragon\www\spk_maut\vendor\codeigniter4\framework\system\Config\BaseService.php(258): CodeIgniter\Config\Services::request(NULL, false)
#13 E:\laragon\www\spk_maut\vendor\codeigniter4\framework\system\Config\BaseService.php(199): CodeIgniter\Config\BaseService::__callStatic('request', Array)
#14 E:\laragon\www\spk_maut\vendor\codeigniter4\framework\system\Config\Services.php(520): CodeIgniter\Config\BaseService::getSharedInstance('request', NULL)
#15 E:\laragon\www\spk_maut\vendor\codeigniter4\framework\system\Config\BaseService.php(258): CodeIgniter\Config\Services::request()
#16 E:\laragon\www\spk_maut\vendor\codeigniter4\framework\system\Debug\Exceptions.php(150): CodeIgniter\Config\BaseService::__callStatic('request', Array)
#17 [internal function]: CodeIgniter\Debug\Exceptions->exceptionHandler(Object(CodeIgniter\Exceptions\ConfigException))
#18 {main}
  thrown
【Previous Exception】
CodeIgniter\Exceptions\ConfigException
Config\App::$baseURL "http://spk_maut.test/" is not a valid URL.
#0 E:\laragon\www\spk_maut\vendor\codeigniter4\framework\system\HTTP\SiteURI.php(145): CodeIgniter\HTTP\SiteURI->normalizeBaseURL(Object(Config\App))
#1 E:\laragon\www\spk_maut\vendor\codeigniter4\framework\system\HTTP\SiteURI.php(100): CodeIgniter\HTTP\SiteURI->determineBaseURL(Object(Config\App), NULL, NULL)
#2 E:\laragon\www\spk_maut\vendor\codeigniter4\framework\system\HTTP\SiteURIFactory.php(224): CodeIgniter\HTTP\SiteURI->__construct(Object(Config\App), '/', NULL)
#3 E:\laragon\www\spk_maut\vendor\codeigniter4\framework\system\HTTP\SiteURIFactory.php(45): CodeIgniter\HTTP\SiteURIFactory->createURIFromRoutePath('/')
#4 E:\laragon\www\spk_maut\vendor\codeigniter4\framework\system\Config\Services.php(799): CodeIgniter\HTTP\SiteURIFactory->createFromGlobals()
#5 E:\laragon\www\spk_maut\vendor\codeigniter4\framework\system\Config\BaseService.php(258): CodeIgniter\Config\Services::uri(NULL, false)
#6 E:\laragon\www\spk_maut\vendor\codeigniter4\framework\system\Config\BaseService.php(199): CodeIgniter\Config\BaseService::__callStatic('uri', Array)
#7 E:\laragon\www\spk_maut\vendor\codeigniter4\framework\system\Config\Services.php(792): CodeIgniter\Config\BaseService::getSharedInstance('uri', NULL)
#8 E:\laragon\www\spk_maut\vendor\codeigniter4\framework\system\Config\BaseService.php(258): CodeIgniter\Config\Services::uri()
#9 E:\laragon\www\spk_maut\vendor\codeigniter4\framework\system\Config\Services.php(566): CodeIgniter\Config\BaseService::__callStatic('uri', Array)
#10 E:\laragon\www\spk_maut\vendor\codeigniter4\framework\system\Config\BaseService.php(258): CodeIgniter\Config\Services::incomingrequest(Object(Config\App), false)
#11 E:\laragon\www\spk_maut\vendor\codeigniter4\framework\system\Config\Services.php(524): CodeIgniter\Config\BaseService::__callStatic('incomingrequest', Array)
#12 E:\laragon\www\spk_maut\vendor\codeigniter4\framework\system\Config\BaseService.php(258): CodeIgniter\Config\Services::request(Object(Config\App), false)
#13 E:\laragon\www\spk_maut\vendor\codeigniter4\framework\system\Config\BaseService.php(199): CodeIgniter\Config\BaseService::__callStatic('request', Array)
#14 E:\laragon\www\spk_maut\vendor\codeigniter4\framework\system\Config\Services.php(559): CodeIgniter\Config\BaseService::getSharedInstance('request', Object(Config\App))
#15 E:\laragon\www\spk_maut\vendor\codeigniter4\framework\system\Config\BaseService.php(258): CodeIgniter\Config\Services::incomingrequest(Object(Config\App))
#16 E:\laragon\www\spk_maut\vendor\codeigniter4\framework\system\Config\Services.php(539): CodeIgniter\Config\BaseService::__callStatic('incomingrequest', Array)
#17 E:\laragon\www\spk_maut\vendor\codeigniter4\framework\system\Config\BaseService.php(258): CodeIgniter\Config\Services::createRequest(Object(Config\App))
#18 E:\laragon\www\spk_maut\vendor\codeigniter4\framework\system\CodeIgniter.php(655): CodeIgniter\Config\BaseService::__callStatic('createRequest', Array)
#19 E:\laragon\www\spk_maut\vendor\codeigniter4\framework\system\CodeIgniter.php(355): CodeIgniter\CodeIgniter->getRequestObject()
#20 E:\laragon\www\spk_maut\public\index.php(79): CodeIgniter\CodeIgniter->run()
#21 {main}
in SYSTEMPATH\HTTP\SiteURI.php on line 199.
 1 [internal function]: CodeIgniter\Debug\Exceptions->shutdownHandler()
CRITICAL - 2024-07-18 15:04:03 --> CodeIgniter\Exceptions\ConfigException: Config\App::$baseURL "http://spk_maut.test/" is not a valid URL.
in SYSTEMPATH\HTTP\SiteURI.php on line 199.
 1 SYSTEMPATH\HTTP\SiteURI.php(145): CodeIgniter\HTTP\SiteURI->normalizeBaseURL(Object(Config\App))
 2 SYSTEMPATH\HTTP\SiteURI.php(100): CodeIgniter\HTTP\SiteURI->determineBaseURL(Object(Config\App), null, null)
 3 SYSTEMPATH\HTTP\SiteURIFactory.php(224): CodeIgniter\HTTP\SiteURI->__construct(Object(Config\App), '/', null)
 4 SYSTEMPATH\HTTP\SiteURIFactory.php(45): CodeIgniter\HTTP\SiteURIFactory->createURIFromRoutePath('/')
 5 SYSTEMPATH\Config\Services.php(799): CodeIgniter\HTTP\SiteURIFactory->createFromGlobals()
 6 SYSTEMPATH\Config\BaseService.php(258): CodeIgniter\Config\Services::uri(null, false)
 7 SYSTEMPATH\Config\BaseService.php(199): CodeIgniter\Config\BaseService::__callStatic('uri', [...])
 8 SYSTEMPATH\Config\Services.php(792): CodeIgniter\Config\BaseService::getSharedInstance('uri', null)
 9 SYSTEMPATH\Config\BaseService.php(258): CodeIgniter\Config\Services::uri()
10 SYSTEMPATH\Config\Services.php(566): CodeIgniter\Config\BaseService::__callStatic('uri', [])
11 SYSTEMPATH\Config\BaseService.php(258): CodeIgniter\Config\Services::incomingrequest(Object(Config\App), false)
12 SYSTEMPATH\Config\Services.php(524): CodeIgniter\Config\BaseService::__callStatic('incomingrequest', [...])
13 SYSTEMPATH\Config\BaseService.php(258): CodeIgniter\Config\Services::request(Object(Config\App), false)
14 SYSTEMPATH\Config\BaseService.php(199): CodeIgniter\Config\BaseService::__callStatic('request', [...])
15 SYSTEMPATH\Config\Services.php(559): CodeIgniter\Config\BaseService::getSharedInstance('request', Object(Config\App))
16 SYSTEMPATH\Config\BaseService.php(258): CodeIgniter\Config\Services::incomingrequest(Object(Config\App))
17 SYSTEMPATH\Config\Services.php(539): CodeIgniter\Config\BaseService::__callStatic('incomingrequest', [...])
18 SYSTEMPATH\Config\BaseService.php(258): CodeIgniter\Config\Services::createRequest(Object(Config\App))
19 SYSTEMPATH\CodeIgniter.php(655): CodeIgniter\Config\BaseService::__callStatic('createRequest', [...])
20 SYSTEMPATH\CodeIgniter.php(355): CodeIgniter\CodeIgniter->getRequestObject()
21 FCPATH\index.php(79): CodeIgniter\CodeIgniter->run()
CRITICAL - 2024-07-18 15:04:03 --> ErrorException: Uncaught CodeIgniter\Exceptions\ConfigException: Config\App::$baseURL "http://spk_maut.test/" is not a valid URL. in E:\laragon\www\spk_maut\vendor\codeigniter4\framework\system\HTTP\SiteURI.php:199
Stack trace:
#0 E:\laragon\www\spk_maut\vendor\codeigniter4\framework\system\HTTP\SiteURI.php(145): CodeIgniter\HTTP\SiteURI->normalizeBaseURL(Object(Config\App))
#1 E:\laragon\www\spk_maut\vendor\codeigniter4\framework\system\HTTP\SiteURI.php(100): CodeIgniter\HTTP\SiteURI->determineBaseURL(Object(Config\App), NULL, NULL)
#2 E:\laragon\www\spk_maut\vendor\codeigniter4\framework\system\HTTP\SiteURIFactory.php(224): CodeIgniter\HTTP\SiteURI->__construct(Object(Config\App), '/', NULL)
#3 E:\laragon\www\spk_maut\vendor\codeigniter4\framework\system\HTTP\SiteURIFactory.php(45): CodeIgniter\HTTP\SiteURIFactory->createURIFromRoutePath('/')
#4 E:\laragon\www\spk_maut\vendor\codeigniter4\framework\system\Config\Services.php(799): CodeIgniter\HTTP\SiteURIFactory->createFromGlobals()
#5 E:\laragon\www\spk_maut\vendor\codeigniter4\framework\system\Config\BaseService.php(258): CodeIgniter\Config\Services::uri(NULL, false)
#6 E:\laragon\www\spk_maut\vendor\codeigniter4\framework\system\Config\BaseService.php(199): CodeIgniter\Config\BaseService::__callStatic('uri', Array)
#7 E:\laragon\www\spk_maut\vendor\codeigniter4\framework\system\Config\Services.php(792): CodeIgniter\Config\BaseService::getSharedInstance('uri', NULL)
#8 E:\laragon\www\spk_maut\vendor\codeigniter4\framework\system\Config\BaseService.php(258): CodeIgniter\Config\Services::uri()
#9 E:\laragon\www\spk_maut\vendor\codeigniter4\framework\system\Config\Services.php(566): CodeIgniter\Config\BaseService::__callStatic('uri', Array)
#10 E:\laragon\www\spk_maut\vendor\codeigniter4\framework\system\Config\BaseService.php(258): CodeIgniter\Config\Services::incomingrequest(Object(Config\App), false)
#11 E:\laragon\www\spk_maut\vendor\codeigniter4\framework\system\Config\Services.php(524): CodeIgniter\Config\BaseService::__callStatic('incomingrequest', Array)
#12 E:\laragon\www\spk_maut\vendor\codeigniter4\framework\system\Config\BaseService.php(258): CodeIgniter\Config\Services::request(NULL, false)
#13 E:\laragon\www\spk_maut\vendor\codeigniter4\framework\system\Config\BaseService.php(199): CodeIgniter\Config\BaseService::__callStatic('request', Array)
#14 E:\laragon\www\spk_maut\vendor\codeigniter4\framework\system\Config\Services.php(520): CodeIgniter\Config\BaseService::getSharedInstance('request', NULL)
#15 E:\laragon\www\spk_maut\vendor\codeigniter4\framework\system\Config\BaseService.php(258): CodeIgniter\Config\Services::request()
#16 E:\laragon\www\spk_maut\vendor\codeigniter4\framework\system\Debug\Exceptions.php(150): CodeIgniter\Config\BaseService::__callStatic('request', Array)
#17 [internal function]: CodeIgniter\Debug\Exceptions->exceptionHandler(Object(CodeIgniter\Exceptions\ConfigException))
#18 {main}
  thrown
【Previous Exception】
CodeIgniter\Exceptions\ConfigException
Config\App::$baseURL "http://spk_maut.test/" is not a valid URL.
#0 E:\laragon\www\spk_maut\vendor\codeigniter4\framework\system\HTTP\SiteURI.php(145): CodeIgniter\HTTP\SiteURI->normalizeBaseURL(Object(Config\App))
#1 E:\laragon\www\spk_maut\vendor\codeigniter4\framework\system\HTTP\SiteURI.php(100): CodeIgniter\HTTP\SiteURI->determineBaseURL(Object(Config\App), NULL, NULL)
#2 E:\laragon\www\spk_maut\vendor\codeigniter4\framework\system\HTTP\SiteURIFactory.php(224): CodeIgniter\HTTP\SiteURI->__construct(Object(Config\App), '/', NULL)
#3 E:\laragon\www\spk_maut\vendor\codeigniter4\framework\system\HTTP\SiteURIFactory.php(45): CodeIgniter\HTTP\SiteURIFactory->createURIFromRoutePath('/')
#4 E:\laragon\www\spk_maut\vendor\codeigniter4\framework\system\Config\Services.php(799): CodeIgniter\HTTP\SiteURIFactory->createFromGlobals()
#5 E:\laragon\www\spk_maut\vendor\codeigniter4\framework\system\Config\BaseService.php(258): CodeIgniter\Config\Services::uri(NULL, false)
#6 E:\laragon\www\spk_maut\vendor\codeigniter4\framework\system\Config\BaseService.php(199): CodeIgniter\Config\BaseService::__callStatic('uri', Array)
#7 E:\laragon\www\spk_maut\vendor\codeigniter4\framework\system\Config\Services.php(792): CodeIgniter\Config\BaseService::getSharedInstance('uri', NULL)
#8 E:\laragon\www\spk_maut\vendor\codeigniter4\framework\system\Config\BaseService.php(258): CodeIgniter\Config\Services::uri()
#9 E:\laragon\www\spk_maut\vendor\codeigniter4\framework\system\Config\Services.php(566): CodeIgniter\Config\BaseService::__callStatic('uri', Array)
#10 E:\laragon\www\spk_maut\vendor\codeigniter4\framework\system\Config\BaseService.php(258): CodeIgniter\Config\Services::incomingrequest(Object(Config\App), false)
#11 E:\laragon\www\spk_maut\vendor\codeigniter4\framework\system\Config\Services.php(524): CodeIgniter\Config\BaseService::__callStatic('incomingrequest', Array)
#12 E:\laragon\www\spk_maut\vendor\codeigniter4\framework\system\Config\BaseService.php(258): CodeIgniter\Config\Services::request(Object(Config\App), false)
#13 E:\laragon\www\spk_maut\vendor\codeigniter4\framework\system\Config\BaseService.php(199): CodeIgniter\Config\BaseService::__callStatic('request', Array)
#14 E:\laragon\www\spk_maut\vendor\codeigniter4\framework\system\Config\Services.php(559): CodeIgniter\Config\BaseService::getSharedInstance('request', Object(Config\App))
#15 E:\laragon\www\spk_maut\vendor\codeigniter4\framework\system\Config\BaseService.php(258): CodeIgniter\Config\Services::incomingrequest(Object(Config\App))
#16 E:\laragon\www\spk_maut\vendor\codeigniter4\framework\system\Config\Services.php(539): CodeIgniter\Config\BaseService::__callStatic('incomingrequest', Array)
#17 E:\laragon\www\spk_maut\vendor\codeigniter4\framework\system\Config\BaseService.php(258): CodeIgniter\Config\Services::createRequest(Object(Config\App))
#18 E:\laragon\www\spk_maut\vendor\codeigniter4\framework\system\CodeIgniter.php(655): CodeIgniter\Config\BaseService::__callStatic('createRequest', Array)
#19 E:\laragon\www\spk_maut\vendor\codeigniter4\framework\system\CodeIgniter.php(355): CodeIgniter\CodeIgniter->getRequestObject()
#20 E:\laragon\www\spk_maut\public\index.php(79): CodeIgniter\CodeIgniter->run()
#21 {main}
in SYSTEMPATH\HTTP\SiteURI.php on line 199.
 1 [internal function]: CodeIgniter\Debug\Exceptions->shutdownHandler()
CRITICAL - 2024-07-18 15:04:04 --> CodeIgniter\Exceptions\ConfigException: Config\App::$baseURL "http://spk_maut.test/" is not a valid URL.
in SYSTEMPATH\HTTP\SiteURI.php on line 199.
 1 SYSTEMPATH\HTTP\SiteURI.php(145): CodeIgniter\HTTP\SiteURI->normalizeBaseURL(Object(Config\App))
 2 SYSTEMPATH\HTTP\SiteURI.php(100): CodeIgniter\HTTP\SiteURI->determineBaseURL(Object(Config\App), null, null)
 3 SYSTEMPATH\HTTP\SiteURIFactory.php(224): CodeIgniter\HTTP\SiteURI->__construct(Object(Config\App), '/', null)
 4 SYSTEMPATH\HTTP\SiteURIFactory.php(45): CodeIgniter\HTTP\SiteURIFactory->createURIFromRoutePath('/')
 5 SYSTEMPATH\Config\Services.php(799): CodeIgniter\HTTP\SiteURIFactory->createFromGlobals()
 6 SYSTEMPATH\Config\BaseService.php(258): CodeIgniter\Config\Services::uri(null, false)
 7 SYSTEMPATH\Config\BaseService.php(199): CodeIgniter\Config\BaseService::__callStatic('uri', [...])
 8 SYSTEMPATH\Config\Services.php(792): CodeIgniter\Config\BaseService::getSharedInstance('uri', null)
 9 SYSTEMPATH\Config\BaseService.php(258): CodeIgniter\Config\Services::uri()
10 SYSTEMPATH\Config\Services.php(566): CodeIgniter\Config\BaseService::__callStatic('uri', [])
11 SYSTEMPATH\Config\BaseService.php(258): CodeIgniter\Config\Services::incomingrequest(Object(Config\App), false)
12 SYSTEMPATH\Config\Services.php(524): CodeIgniter\Config\BaseService::__callStatic('incomingrequest', [...])
13 SYSTEMPATH\Config\BaseService.php(258): CodeIgniter\Config\Services::request(Object(Config\App), false)
14 SYSTEMPATH\Config\BaseService.php(199): CodeIgniter\Config\BaseService::__callStatic('request', [...])
15 SYSTEMPATH\Config\Services.php(559): CodeIgniter\Config\BaseService::getSharedInstance('request', Object(Config\App))
16 SYSTEMPATH\Config\BaseService.php(258): CodeIgniter\Config\Services::incomingrequest(Object(Config\App))
17 SYSTEMPATH\Config\Services.php(539): CodeIgniter\Config\BaseService::__callStatic('incomingrequest', [...])
18 SYSTEMPATH\Config\BaseService.php(258): CodeIgniter\Config\Services::createRequest(Object(Config\App))
19 SYSTEMPATH\CodeIgniter.php(655): CodeIgniter\Config\BaseService::__callStatic('createRequest', [...])
20 SYSTEMPATH\CodeIgniter.php(355): CodeIgniter\CodeIgniter->getRequestObject()
21 FCPATH\index.php(79): CodeIgniter\CodeIgniter->run()
CRITICAL - 2024-07-18 15:04:04 --> ErrorException: Uncaught CodeIgniter\Exceptions\ConfigException: Config\App::$baseURL "http://spk_maut.test/" is not a valid URL. in E:\laragon\www\spk_maut\vendor\codeigniter4\framework\system\HTTP\SiteURI.php:199
Stack trace:
#0 E:\laragon\www\spk_maut\vendor\codeigniter4\framework\system\HTTP\SiteURI.php(145): CodeIgniter\HTTP\SiteURI->normalizeBaseURL(Object(Config\App))
#1 E:\laragon\www\spk_maut\vendor\codeigniter4\framework\system\HTTP\SiteURI.php(100): CodeIgniter\HTTP\SiteURI->determineBaseURL(Object(Config\App), NULL, NULL)
#2 E:\laragon\www\spk_maut\vendor\codeigniter4\framework\system\HTTP\SiteURIFactory.php(224): CodeIgniter\HTTP\SiteURI->__construct(Object(Config\App), '/', NULL)
#3 E:\laragon\www\spk_maut\vendor\codeigniter4\framework\system\HTTP\SiteURIFactory.php(45): CodeIgniter\HTTP\SiteURIFactory->createURIFromRoutePath('/')
#4 E:\laragon\www\spk_maut\vendor\codeigniter4\framework\system\Config\Services.php(799): CodeIgniter\HTTP\SiteURIFactory->createFromGlobals()
#5 E:\laragon\www\spk_maut\vendor\codeigniter4\framework\system\Config\BaseService.php(258): CodeIgniter\Config\Services::uri(NULL, false)
#6 E:\laragon\www\spk_maut\vendor\codeigniter4\framework\system\Config\BaseService.php(199): CodeIgniter\Config\BaseService::__callStatic('uri', Array)
#7 E:\laragon\www\spk_maut\vendor\codeigniter4\framework\system\Config\Services.php(792): CodeIgniter\Config\BaseService::getSharedInstance('uri', NULL)
#8 E:\laragon\www\spk_maut\vendor\codeigniter4\framework\system\Config\BaseService.php(258): CodeIgniter\Config\Services::uri()
#9 E:\laragon\www\spk_maut\vendor\codeigniter4\framework\system\Config\Services.php(566): CodeIgniter\Config\BaseService::__callStatic('uri', Array)
#10 E:\laragon\www\spk_maut\vendor\codeigniter4\framework\system\Config\BaseService.php(258): CodeIgniter\Config\Services::incomingrequest(Object(Config\App), false)
#11 E:\laragon\www\spk_maut\vendor\codeigniter4\framework\system\Config\Services.php(524): CodeIgniter\Config\BaseService::__callStatic('incomingrequest', Array)
#12 E:\laragon\www\spk_maut\vendor\codeigniter4\framework\system\Config\BaseService.php(258): CodeIgniter\Config\Services::request(NULL, false)
#13 E:\laragon\www\spk_maut\vendor\codeigniter4\framework\system\Config\BaseService.php(199): CodeIgniter\Config\BaseService::__callStatic('request', Array)
#14 E:\laragon\www\spk_maut\vendor\codeigniter4\framework\system\Config\Services.php(520): CodeIgniter\Config\BaseService::getSharedInstance('request', NULL)
#15 E:\laragon\www\spk_maut\vendor\codeigniter4\framework\system\Config\BaseService.php(258): CodeIgniter\Config\Services::request()
#16 E:\laragon\www\spk_maut\vendor\codeigniter4\framework\system\Debug\Exceptions.php(150): CodeIgniter\Config\BaseService::__callStatic('request', Array)
#17 [internal function]: CodeIgniter\Debug\Exceptions->exceptionHandler(Object(CodeIgniter\Exceptions\ConfigException))
#18 {main}
  thrown
【Previous Exception】
CodeIgniter\Exceptions\ConfigException
Config\App::$baseURL "http://spk_maut.test/" is not a valid URL.
#0 E:\laragon\www\spk_maut\vendor\codeigniter4\framework\system\HTTP\SiteURI.php(145): CodeIgniter\HTTP\SiteURI->normalizeBaseURL(Object(Config\App))
#1 E:\laragon\www\spk_maut\vendor\codeigniter4\framework\system\HTTP\SiteURI.php(100): CodeIgniter\HTTP\SiteURI->determineBaseURL(Object(Config\App), NULL, NULL)
#2 E:\laragon\www\spk_maut\vendor\codeigniter4\framework\system\HTTP\SiteURIFactory.php(224): CodeIgniter\HTTP\SiteURI->__construct(Object(Config\App), '/', NULL)
#3 E:\laragon\www\spk_maut\vendor\codeigniter4\framework\system\HTTP\SiteURIFactory.php(45): CodeIgniter\HTTP\SiteURIFactory->createURIFromRoutePath('/')
#4 E:\laragon\www\spk_maut\vendor\codeigniter4\framework\system\Config\Services.php(799): CodeIgniter\HTTP\SiteURIFactory->createFromGlobals()
#5 E:\laragon\www\spk_maut\vendor\codeigniter4\framework\system\Config\BaseService.php(258): CodeIgniter\Config\Services::uri(NULL, false)
#6 E:\laragon\www\spk_maut\vendor\codeigniter4\framework\system\Config\BaseService.php(199): CodeIgniter\Config\BaseService::__callStatic('uri', Array)
#7 E:\laragon\www\spk_maut\vendor\codeigniter4\framework\system\Config\Services.php(792): CodeIgniter\Config\BaseService::getSharedInstance('uri', NULL)
#8 E:\laragon\www\spk_maut\vendor\codeigniter4\framework\system\Config\BaseService.php(258): CodeIgniter\Config\Services::uri()
#9 E:\laragon\www\spk_maut\vendor\codeigniter4\framework\system\Config\Services.php(566): CodeIgniter\Config\BaseService::__callStatic('uri', Array)
#10 E:\laragon\www\spk_maut\vendor\codeigniter4\framework\system\Config\BaseService.php(258): CodeIgniter\Config\Services::incomingrequest(Object(Config\App), false)
#11 E:\laragon\www\spk_maut\vendor\codeigniter4\framework\system\Config\Services.php(524): CodeIgniter\Config\BaseService::__callStatic('incomingrequest', Array)
#12 E:\laragon\www\spk_maut\vendor\codeigniter4\framework\system\Config\BaseService.php(258): CodeIgniter\Config\Services::request(Object(Config\App), false)
#13 E:\laragon\www\spk_maut\vendor\codeigniter4\framework\system\Config\BaseService.php(199): CodeIgniter\Config\BaseService::__callStatic('request', Array)
#14 E:\laragon\www\spk_maut\vendor\codeigniter4\framework\system\Config\Services.php(559): CodeIgniter\Config\BaseService::getSharedInstance('request', Object(Config\App))
#15 E:\laragon\www\spk_maut\vendor\codeigniter4\framework\system\Config\BaseService.php(258): CodeIgniter\Config\Services::incomingrequest(Object(Config\App))
#16 E:\laragon\www\spk_maut\vendor\codeigniter4\framework\system\Config\Services.php(539): CodeIgniter\Config\BaseService::__callStatic('incomingrequest', Array)
#17 E:\laragon\www\spk_maut\vendor\codeigniter4\framework\system\Config\BaseService.php(258): CodeIgniter\Config\Services::createRequest(Object(Config\App))
#18 E:\laragon\www\spk_maut\vendor\codeigniter4\framework\system\CodeIgniter.php(655): CodeIgniter\Config\BaseService::__callStatic('createRequest', Array)
#19 E:\laragon\www\spk_maut\vendor\codeigniter4\framework\system\CodeIgniter.php(355): CodeIgniter\CodeIgniter->getRequestObject()
#20 E:\laragon\www\spk_maut\public\index.php(79): CodeIgniter\CodeIgniter->run()
#21 {main}
in SYSTEMPATH\HTTP\SiteURI.php on line 199.
 1 [internal function]: CodeIgniter\Debug\Exceptions->shutdownHandler()
CRITICAL - 2024-07-18 15:04:05 --> CodeIgniter\Exceptions\ConfigException: Config\App::$baseURL "http://spk_maut.test/" is not a valid URL.
in SYSTEMPATH\HTTP\SiteURI.php on line 199.
 1 SYSTEMPATH\HTTP\SiteURI.php(145): CodeIgniter\HTTP\SiteURI->normalizeBaseURL(Object(Config\App))
 2 SYSTEMPATH\HTTP\SiteURI.php(100): CodeIgniter\HTTP\SiteURI->determineBaseURL(Object(Config\App), null, null)
 3 SYSTEMPATH\HTTP\SiteURIFactory.php(224): CodeIgniter\HTTP\SiteURI->__construct(Object(Config\App), '/', null)
 4 SYSTEMPATH\HTTP\SiteURIFactory.php(45): CodeIgniter\HTTP\SiteURIFactory->createURIFromRoutePath('/')
 5 SYSTEMPATH\Config\Services.php(799): CodeIgniter\HTTP\SiteURIFactory->createFromGlobals()
 6 SYSTEMPATH\Config\BaseService.php(258): CodeIgniter\Config\Services::uri(null, false)
 7 SYSTEMPATH\Config\BaseService.php(199): CodeIgniter\Config\BaseService::__callStatic('uri', [...])
 8 SYSTEMPATH\Config\Services.php(792): CodeIgniter\Config\BaseService::getSharedInstance('uri', null)
 9 SYSTEMPATH\Config\BaseService.php(258): CodeIgniter\Config\Services::uri()
10 SYSTEMPATH\Config\Services.php(566): CodeIgniter\Config\BaseService::__callStatic('uri', [])
11 SYSTEMPATH\Config\BaseService.php(258): CodeIgniter\Config\Services::incomingrequest(Object(Config\App), false)
12 SYSTEMPATH\Config\Services.php(524): CodeIgniter\Config\BaseService::__callStatic('incomingrequest', [...])
13 SYSTEMPATH\Config\BaseService.php(258): CodeIgniter\Config\Services::request(Object(Config\App), false)
14 SYSTEMPATH\Config\BaseService.php(199): CodeIgniter\Config\BaseService::__callStatic('request', [...])
15 SYSTEMPATH\Config\Services.php(559): CodeIgniter\Config\BaseService::getSharedInstance('request', Object(Config\App))
16 SYSTEMPATH\Config\BaseService.php(258): CodeIgniter\Config\Services::incomingrequest(Object(Config\App))
17 SYSTEMPATH\Config\Services.php(539): CodeIgniter\Config\BaseService::__callStatic('incomingrequest', [...])
18 SYSTEMPATH\Config\BaseService.php(258): CodeIgniter\Config\Services::createRequest(Object(Config\App))
19 SYSTEMPATH\CodeIgniter.php(655): CodeIgniter\Config\BaseService::__callStatic('createRequest', [...])
20 SYSTEMPATH\CodeIgniter.php(355): CodeIgniter\CodeIgniter->getRequestObject()
21 FCPATH\index.php(79): CodeIgniter\CodeIgniter->run()
CRITICAL - 2024-07-18 15:04:05 --> ErrorException: Uncaught CodeIgniter\Exceptions\ConfigException: Config\App::$baseURL "http://spk_maut.test/" is not a valid URL. in E:\laragon\www\spk_maut\vendor\codeigniter4\framework\system\HTTP\SiteURI.php:199
Stack trace:
#0 E:\laragon\www\spk_maut\vendor\codeigniter4\framework\system\HTTP\SiteURI.php(145): CodeIgniter\HTTP\SiteURI->normalizeBaseURL(Object(Config\App))
#1 E:\laragon\www\spk_maut\vendor\codeigniter4\framework\system\HTTP\SiteURI.php(100): CodeIgniter\HTTP\SiteURI->determineBaseURL(Object(Config\App), NULL, NULL)
#2 E:\laragon\www\spk_maut\vendor\codeigniter4\framework\system\HTTP\SiteURIFactory.php(224): CodeIgniter\HTTP\SiteURI->__construct(Object(Config\App), '/', NULL)
#3 E:\laragon\www\spk_maut\vendor\codeigniter4\framework\system\HTTP\SiteURIFactory.php(45): CodeIgniter\HTTP\SiteURIFactory->createURIFromRoutePath('/')
#4 E:\laragon\www\spk_maut\vendor\codeigniter4\framework\system\Config\Services.php(799): CodeIgniter\HTTP\SiteURIFactory->createFromGlobals()
#5 E:\laragon\www\spk_maut\vendor\codeigniter4\framework\system\Config\BaseService.php(258): CodeIgniter\Config\Services::uri(NULL, false)
#6 E:\laragon\www\spk_maut\vendor\codeigniter4\framework\system\Config\BaseService.php(199): CodeIgniter\Config\BaseService::__callStatic('uri', Array)
#7 E:\laragon\www\spk_maut\vendor\codeigniter4\framework\system\Config\Services.php(792): CodeIgniter\Config\BaseService::getSharedInstance('uri', NULL)
#8 E:\laragon\www\spk_maut\vendor\codeigniter4\framework\system\Config\BaseService.php(258): CodeIgniter\Config\Services::uri()
#9 E:\laragon\www\spk_maut\vendor\codeigniter4\framework\system\Config\Services.php(566): CodeIgniter\Config\BaseService::__callStatic('uri', Array)
#10 E:\laragon\www\spk_maut\vendor\codeigniter4\framework\system\Config\BaseService.php(258): CodeIgniter\Config\Services::incomingrequest(Object(Config\App), false)
#11 E:\laragon\www\spk_maut\vendor\codeigniter4\framework\system\Config\Services.php(524): CodeIgniter\Config\BaseService::__callStatic('incomingrequest', Array)
#12 E:\laragon\www\spk_maut\vendor\codeigniter4\framework\system\Config\BaseService.php(258): CodeIgniter\Config\Services::request(NULL, false)
#13 E:\laragon\www\spk_maut\vendor\codeigniter4\framework\system\Config\BaseService.php(199): CodeIgniter\Config\BaseService::__callStatic('request', Array)
#14 E:\laragon\www\spk_maut\vendor\codeigniter4\framework\system\Config\Services.php(520): CodeIgniter\Config\BaseService::getSharedInstance('request', NULL)
#15 E:\laragon\www\spk_maut\vendor\codeigniter4\framework\system\Config\BaseService.php(258): CodeIgniter\Config\Services::request()
#16 E:\laragon\www\spk_maut\vendor\codeigniter4\framework\system\Debug\Exceptions.php(150): CodeIgniter\Config\BaseService::__callStatic('request', Array)
#17 [internal function]: CodeIgniter\Debug\Exceptions->exceptionHandler(Object(CodeIgniter\Exceptions\ConfigException))
#18 {main}
  thrown
【Previous Exception】
CodeIgniter\Exceptions\ConfigException
Config\App::$baseURL "http://spk_maut.test/" is not a valid URL.
#0 E:\laragon\www\spk_maut\vendor\codeigniter4\framework\system\HTTP\SiteURI.php(145): CodeIgniter\HTTP\SiteURI->normalizeBaseURL(Object(Config\App))
#1 E:\laragon\www\spk_maut\vendor\codeigniter4\framework\system\HTTP\SiteURI.php(100): CodeIgniter\HTTP\SiteURI->determineBaseURL(Object(Config\App), NULL, NULL)
#2 E:\laragon\www\spk_maut\vendor\codeigniter4\framework\system\HTTP\SiteURIFactory.php(224): CodeIgniter\HTTP\SiteURI->__construct(Object(Config\App), '/', NULL)
#3 E:\laragon\www\spk_maut\vendor\codeigniter4\framework\system\HTTP\SiteURIFactory.php(45): CodeIgniter\HTTP\SiteURIFactory->createURIFromRoutePath('/')
#4 E:\laragon\www\spk_maut\vendor\codeigniter4\framework\system\Config\Services.php(799): CodeIgniter\HTTP\SiteURIFactory->createFromGlobals()
#5 E:\laragon\www\spk_maut\vendor\codeigniter4\framework\system\Config\BaseService.php(258): CodeIgniter\Config\Services::uri(NULL, false)
#6 E:\laragon\www\spk_maut\vendor\codeigniter4\framework\system\Config\BaseService.php(199): CodeIgniter\Config\BaseService::__callStatic('uri', Array)
#7 E:\laragon\www\spk_maut\vendor\codeigniter4\framework\system\Config\Services.php(792): CodeIgniter\Config\BaseService::getSharedInstance('uri', NULL)
#8 E:\laragon\www\spk_maut\vendor\codeigniter4\framework\system\Config\BaseService.php(258): CodeIgniter\Config\Services::uri()
#9 E:\laragon\www\spk_maut\vendor\codeigniter4\framework\system\Config\Services.php(566): CodeIgniter\Config\BaseService::__callStatic('uri', Array)
#10 E:\laragon\www\spk_maut\vendor\codeigniter4\framework\system\Config\BaseService.php(258): CodeIgniter\Config\Services::incomingrequest(Object(Config\App), false)
#11 E:\laragon\www\spk_maut\vendor\codeigniter4\framework\system\Config\Services.php(524): CodeIgniter\Config\BaseService::__callStatic('incomingrequest', Array)
#12 E:\laragon\www\spk_maut\vendor\codeigniter4\framework\system\Config\BaseService.php(258): CodeIgniter\Config\Services::request(Object(Config\App), false)
#13 E:\laragon\www\spk_maut\vendor\codeigniter4\framework\system\Config\BaseService.php(199): CodeIgniter\Config\BaseService::__callStatic('request', Array)
#14 E:\laragon\www\spk_maut\vendor\codeigniter4\framework\system\Config\Services.php(559): CodeIgniter\Config\BaseService::getSharedInstance('request', Object(Config\App))
#15 E:\laragon\www\spk_maut\vendor\codeigniter4\framework\system\Config\BaseService.php(258): CodeIgniter\Config\Services::incomingrequest(Object(Config\App))
#16 E:\laragon\www\spk_maut\vendor\codeigniter4\framework\system\Config\Services.php(539): CodeIgniter\Config\BaseService::__callStatic('incomingrequest', Array)
#17 E:\laragon\www\spk_maut\vendor\codeigniter4\framework\system\Config\BaseService.php(258): CodeIgniter\Config\Services::createRequest(Object(Config\App))
#18 E:\laragon\www\spk_maut\vendor\codeigniter4\framework\system\CodeIgniter.php(655): CodeIgniter\Config\BaseService::__callStatic('createRequest', Array)
#19 E:\laragon\www\spk_maut\vendor\codeigniter4\framework\system\CodeIgniter.php(355): CodeIgniter\CodeIgniter->getRequestObject()
#20 E:\laragon\www\spk_maut\public\index.php(79): CodeIgniter\CodeIgniter->run()
#21 {main}
in SYSTEMPATH\HTTP\SiteURI.php on line 199.
 1 [internal function]: CodeIgniter\Debug\Exceptions->shutdownHandler()
CRITICAL - 2024-07-18 15:04:57 --> CodeIgniter\Exceptions\ConfigException: Config\App::$baseURL "http://spk_maut.test/" is not a valid URL.
in SYSTEMPATH\HTTP\SiteURI.php on line 199.
 1 SYSTEMPATH\HTTP\SiteURI.php(145): CodeIgniter\HTTP\SiteURI->normalizeBaseURL(Object(Config\App))
 2 SYSTEMPATH\HTTP\SiteURI.php(100): CodeIgniter\HTTP\SiteURI->determineBaseURL(Object(Config\App), null, null)
 3 SYSTEMPATH\HTTP\SiteURIFactory.php(224): CodeIgniter\HTTP\SiteURI->__construct(Object(Config\App), '/', null)
 4 SYSTEMPATH\HTTP\SiteURIFactory.php(45): CodeIgniter\HTTP\SiteURIFactory->createURIFromRoutePath('/')
 5 SYSTEMPATH\Config\Services.php(799): CodeIgniter\HTTP\SiteURIFactory->createFromGlobals()
 6 SYSTEMPATH\Config\BaseService.php(258): CodeIgniter\Config\Services::uri(null, false)
 7 SYSTEMPATH\Config\BaseService.php(199): CodeIgniter\Config\BaseService::__callStatic('uri', [...])
 8 SYSTEMPATH\Config\Services.php(792): CodeIgniter\Config\BaseService::getSharedInstance('uri', null)
 9 SYSTEMPATH\Config\BaseService.php(258): CodeIgniter\Config\Services::uri()
10 SYSTEMPATH\Config\Services.php(566): CodeIgniter\Config\BaseService::__callStatic('uri', [])
11 SYSTEMPATH\Config\BaseService.php(258): CodeIgniter\Config\Services::incomingrequest(Object(Config\App), false)
12 SYSTEMPATH\Config\Services.php(524): CodeIgniter\Config\BaseService::__callStatic('incomingrequest', [...])
13 SYSTEMPATH\Config\BaseService.php(258): CodeIgniter\Config\Services::request(Object(Config\App), false)
14 SYSTEMPATH\Config\BaseService.php(199): CodeIgniter\Config\BaseService::__callStatic('request', [...])
15 SYSTEMPATH\Config\Services.php(559): CodeIgniter\Config\BaseService::getSharedInstance('request', Object(Config\App))
16 SYSTEMPATH\Config\BaseService.php(258): CodeIgniter\Config\Services::incomingrequest(Object(Config\App))
17 SYSTEMPATH\Config\Services.php(539): CodeIgniter\Config\BaseService::__callStatic('incomingrequest', [...])
18 SYSTEMPATH\Config\BaseService.php(258): CodeIgniter\Config\Services::createRequest(Object(Config\App))
19 SYSTEMPATH\CodeIgniter.php(655): CodeIgniter\Config\BaseService::__callStatic('createRequest', [...])
20 SYSTEMPATH\CodeIgniter.php(355): CodeIgniter\CodeIgniter->getRequestObject()
21 FCPATH\index.php(79): CodeIgniter\CodeIgniter->run()
CRITICAL - 2024-07-18 15:04:57 --> ErrorException: Uncaught CodeIgniter\Exceptions\ConfigException: Config\App::$baseURL "http://spk_maut.test/" is not a valid URL. in E:\laragon\www\spk_maut\vendor\codeigniter4\framework\system\HTTP\SiteURI.php:199
Stack trace:
#0 E:\laragon\www\spk_maut\vendor\codeigniter4\framework\system\HTTP\SiteURI.php(145): CodeIgniter\HTTP\SiteURI->normalizeBaseURL(Object(Config\App))
#1 E:\laragon\www\spk_maut\vendor\codeigniter4\framework\system\HTTP\SiteURI.php(100): CodeIgniter\HTTP\SiteURI->determineBaseURL(Object(Config\App), NULL, NULL)
#2 E:\laragon\www\spk_maut\vendor\codeigniter4\framework\system\HTTP\SiteURIFactory.php(224): CodeIgniter\HTTP\SiteURI->__construct(Object(Config\App), '/', NULL)
#3 E:\laragon\www\spk_maut\vendor\codeigniter4\framework\system\HTTP\SiteURIFactory.php(45): CodeIgniter\HTTP\SiteURIFactory->createURIFromRoutePath('/')
#4 E:\laragon\www\spk_maut\vendor\codeigniter4\framework\system\Config\Services.php(799): CodeIgniter\HTTP\SiteURIFactory->createFromGlobals()
#5 E:\laragon\www\spk_maut\vendor\codeigniter4\framework\system\Config\BaseService.php(258): CodeIgniter\Config\Services::uri(NULL, false)
#6 E:\laragon\www\spk_maut\vendor\codeigniter4\framework\system\Config\BaseService.php(199): CodeIgniter\Config\BaseService::__callStatic('uri', Array)
#7 E:\laragon\www\spk_maut\vendor\codeigniter4\framework\system\Config\Services.php(792): CodeIgniter\Config\BaseService::getSharedInstance('uri', NULL)
#8 E:\laragon\www\spk_maut\vendor\codeigniter4\framework\system\Config\BaseService.php(258): CodeIgniter\Config\Services::uri()
#9 E:\laragon\www\spk_maut\vendor\codeigniter4\framework\system\Config\Services.php(566): CodeIgniter\Config\BaseService::__callStatic('uri', Array)
#10 E:\laragon\www\spk_maut\vendor\codeigniter4\framework\system\Config\BaseService.php(258): CodeIgniter\Config\Services::incomingrequest(Object(Config\App), false)
#11 E:\laragon\www\spk_maut\vendor\codeigniter4\framework\system\Config\Services.php(524): CodeIgniter\Config\BaseService::__callStatic('incomingrequest', Array)
#12 E:\laragon\www\spk_maut\vendor\codeigniter4\framework\system\Config\BaseService.php(258): CodeIgniter\Config\Services::request(NULL, false)
#13 E:\laragon\www\spk_maut\vendor\codeigniter4\framework\system\Config\BaseService.php(199): CodeIgniter\Config\BaseService::__callStatic('request', Array)
#14 E:\laragon\www\spk_maut\vendor\codeigniter4\framework\system\Config\Services.php(520): CodeIgniter\Config\BaseService::getSharedInstance('request', NULL)
#15 E:\laragon\www\spk_maut\vendor\codeigniter4\framework\system\Config\BaseService.php(258): CodeIgniter\Config\Services::request()
#16 E:\laragon\www\spk_maut\vendor\codeigniter4\framework\system\Debug\Exceptions.php(150): CodeIgniter\Config\BaseService::__callStatic('request', Array)
#17 [internal function]: CodeIgniter\Debug\Exceptions->exceptionHandler(Object(CodeIgniter\Exceptions\ConfigException))
#18 {main}
  thrown
【Previous Exception】
CodeIgniter\Exceptions\ConfigException
Config\App::$baseURL "http://spk_maut.test/" is not a valid URL.
#0 E:\laragon\www\spk_maut\vendor\codeigniter4\framework\system\HTTP\SiteURI.php(145): CodeIgniter\HTTP\SiteURI->normalizeBaseURL(Object(Config\App))
#1 E:\laragon\www\spk_maut\vendor\codeigniter4\framework\system\HTTP\SiteURI.php(100): CodeIgniter\HTTP\SiteURI->determineBaseURL(Object(Config\App), NULL, NULL)
#2 E:\laragon\www\spk_maut\vendor\codeigniter4\framework\system\HTTP\SiteURIFactory.php(224): CodeIgniter\HTTP\SiteURI->__construct(Object(Config\App), '/', NULL)
#3 E:\laragon\www\spk_maut\vendor\codeigniter4\framework\system\HTTP\SiteURIFactory.php(45): CodeIgniter\HTTP\SiteURIFactory->createURIFromRoutePath('/')
#4 E:\laragon\www\spk_maut\vendor\codeigniter4\framework\system\Config\Services.php(799): CodeIgniter\HTTP\SiteURIFactory->createFromGlobals()
#5 E:\laragon\www\spk_maut\vendor\codeigniter4\framework\system\Config\BaseService.php(258): CodeIgniter\Config\Services::uri(NULL, false)
#6 E:\laragon\www\spk_maut\vendor\codeigniter4\framework\system\Config\BaseService.php(199): CodeIgniter\Config\BaseService::__callStatic('uri', Array)
#7 E:\laragon\www\spk_maut\vendor\codeigniter4\framework\system\Config\Services.php(792): CodeIgniter\Config\BaseService::getSharedInstance('uri', NULL)
#8 E:\laragon\www\spk_maut\vendor\codeigniter4\framework\system\Config\BaseService.php(258): CodeIgniter\Config\Services::uri()
#9 E:\laragon\www\spk_maut\vendor\codeigniter4\framework\system\Config\Services.php(566): CodeIgniter\Config\BaseService::__callStatic('uri', Array)
#10 E:\laragon\www\spk_maut\vendor\codeigniter4\framework\system\Config\BaseService.php(258): CodeIgniter\Config\Services::incomingrequest(Object(Config\App), false)
#11 E:\laragon\www\spk_maut\vendor\codeigniter4\framework\system\Config\Services.php(524): CodeIgniter\Config\BaseService::__callStatic('incomingrequest', Array)
#12 E:\laragon\www\spk_maut\vendor\codeigniter4\framework\system\Config\BaseService.php(258): CodeIgniter\Config\Services::request(Object(Config\App), false)
#13 E:\laragon\www\spk_maut\vendor\codeigniter4\framework\system\Config\BaseService.php(199): CodeIgniter\Config\BaseService::__callStatic('request', Array)
#14 E:\laragon\www\spk_maut\vendor\codeigniter4\framework\system\Config\Services.php(559): CodeIgniter\Config\BaseService::getSharedInstance('request', Object(Config\App))
#15 E:\laragon\www\spk_maut\vendor\codeigniter4\framework\system\Config\BaseService.php(258): CodeIgniter\Config\Services::incomingrequest(Object(Config\App))
#16 E:\laragon\www\spk_maut\vendor\codeigniter4\framework\system\Config\Services.php(539): CodeIgniter\Config\BaseService::__callStatic('incomingrequest', Array)
#17 E:\laragon\www\spk_maut\vendor\codeigniter4\framework\system\Config\BaseService.php(258): CodeIgniter\Config\Services::createRequest(Object(Config\App))
#18 E:\laragon\www\spk_maut\vendor\codeigniter4\framework\system\CodeIgniter.php(655): CodeIgniter\Config\BaseService::__callStatic('createRequest', Array)
#19 E:\laragon\www\spk_maut\vendor\codeigniter4\framework\system\CodeIgniter.php(355): CodeIgniter\CodeIgniter->getRequestObject()
#20 E:\laragon\www\spk_maut\public\index.php(79): CodeIgniter\CodeIgniter->run()
#21 {main}
in SYSTEMPATH\HTTP\SiteURI.php on line 199.
 1 [internal function]: CodeIgniter\Debug\Exceptions->shutdownHandler()
INFO - 2024-07-18 15:07:08 --> Session: Class initialized using 'CodeIgniter\Session\Handlers\FileHandler' driver.
INFO - 2024-07-18 15:08:04 --> Session: Class initialized using 'CodeIgniter\Session\Handlers\FileHandler' driver.
INFO - 2024-07-18 15:08:05 --> Session: Class initialized using 'CodeIgniter\Session\Handlers\FileHandler' driver.
INFO - 2024-07-18 15:08:05 --> Session: Class initialized using 'CodeIgniter\Session\Handlers\FileHandler' driver.
INFO - 2024-07-18 15:08:05 --> Session: Class initialized using 'CodeIgniter\Session\Handlers\FileHandler' driver.
INFO - 2024-07-18 15:08:08 --> Session: Class initialized using 'CodeIgniter\Session\Handlers\FileHandler' driver.
INFO - 2024-07-18 15:08:16 --> Session: Class initialized using 'CodeIgniter\Session\Handlers\FileHandler' driver.
CRITICAL - 2024-07-18 15:08:56 --> CodeIgniter\Exceptions\ConfigException: Config\App::$baseURL "http://spk_maut.test/" is not a valid URL.
in SYSTEMPATH\HTTP\SiteURI.php on line 199.
 1 SYSTEMPATH\HTTP\SiteURI.php(145): CodeIgniter\HTTP\SiteURI->normalizeBaseURL(Object(Config\App))
 2 SYSTEMPATH\HTTP\SiteURI.php(100): CodeIgniter\HTTP\SiteURI->determineBaseURL(Object(Config\App), null, null)
 3 SYSTEMPATH\HTTP\SiteURIFactory.php(224): CodeIgniter\HTTP\SiteURI->__construct(Object(Config\App), 'kriteria', null)
 4 SYSTEMPATH\HTTP\SiteURIFactory.php(45): CodeIgniter\HTTP\SiteURIFactory->createURIFromRoutePath('kriteria')
 5 SYSTEMPATH\Config\Services.php(799): CodeIgniter\HTTP\SiteURIFactory->createFromGlobals()
 6 SYSTEMPATH\Config\BaseService.php(258): CodeIgniter\Config\Services::uri(null, false)
 7 SYSTEMPATH\Config\BaseService.php(199): CodeIgniter\Config\BaseService::__callStatic('uri', [...])
 8 SYSTEMPATH\Config\Services.php(792): CodeIgniter\Config\BaseService::getSharedInstance('uri', null)
 9 SYSTEMPATH\Config\BaseService.php(258): CodeIgniter\Config\Services::uri()
10 SYSTEMPATH\Config\Services.php(566): CodeIgniter\Config\BaseService::__callStatic('uri', [])
11 SYSTEMPATH\Config\BaseService.php(258): CodeIgniter\Config\Services::incomingrequest(Object(Config\App), false)
12 SYSTEMPATH\Config\Services.php(524): CodeIgniter\Config\BaseService::__callStatic('incomingrequest', [...])
13 SYSTEMPATH\Config\BaseService.php(258): CodeIgniter\Config\Services::request(Object(Config\App), false)
14 SYSTEMPATH\Config\BaseService.php(199): CodeIgniter\Config\BaseService::__callStatic('request', [...])
15 SYSTEMPATH\Config\Services.php(559): CodeIgniter\Config\BaseService::getSharedInstance('request', Object(Config\App))
16 SYSTEMPATH\Config\BaseService.php(258): CodeIgniter\Config\Services::incomingrequest(Object(Config\App))
17 SYSTEMPATH\Config\Services.php(539): CodeIgniter\Config\BaseService::__callStatic('incomingrequest', [...])
18 SYSTEMPATH\Config\BaseService.php(258): CodeIgniter\Config\Services::createRequest(Object(Config\App))
19 SYSTEMPATH\CodeIgniter.php(655): CodeIgniter\Config\BaseService::__callStatic('createRequest', [...])
20 SYSTEMPATH\CodeIgniter.php(355): CodeIgniter\CodeIgniter->getRequestObject()
21 FCPATH\index.php(79): CodeIgniter\CodeIgniter->run()
CRITICAL - 2024-07-18 15:08:56 --> ErrorException: Uncaught CodeIgniter\Exceptions\ConfigException: Config\App::$baseURL "http://spk_maut.test/" is not a valid URL. in E:\laragon\www\spk_maut\vendor\codeigniter4\framework\system\HTTP\SiteURI.php:199
Stack trace:
#0 E:\laragon\www\spk_maut\vendor\codeigniter4\framework\system\HTTP\SiteURI.php(145): CodeIgniter\HTTP\SiteURI->normalizeBaseURL(Object(Config\App))
#1 E:\laragon\www\spk_maut\vendor\codeigniter4\framework\system\HTTP\SiteURI.php(100): CodeIgniter\HTTP\SiteURI->determineBaseURL(Object(Config\App), NULL, NULL)
#2 E:\laragon\www\spk_maut\vendor\codeigniter4\framework\system\HTTP\SiteURIFactory.php(224): CodeIgniter\HTTP\SiteURI->__construct(Object(Config\App), 'kriteria', NULL)
#3 E:\laragon\www\spk_maut\vendor\codeigniter4\framework\system\HTTP\SiteURIFactory.php(45): CodeIgniter\HTTP\SiteURIFactory->createURIFromRoutePath('kriteria')
#4 E:\laragon\www\spk_maut\vendor\codeigniter4\framework\system\Config\Services.php(799): CodeIgniter\HTTP\SiteURIFactory->createFromGlobals()
#5 E:\laragon\www\spk_maut\vendor\codeigniter4\framework\system\Config\BaseService.php(258): CodeIgniter\Config\Services::uri(NULL, false)
#6 E:\laragon\www\spk_maut\vendor\codeigniter4\framework\system\Config\BaseService.php(199): CodeIgniter\Config\BaseService::__callStatic('uri', Array)
#7 E:\laragon\www\spk_maut\vendor\codeigniter4\framework\system\Config\Services.php(792): CodeIgniter\Config\BaseService::getSharedInstance('uri', NULL)
#8 E:\laragon\www\spk_maut\vendor\codeigniter4\framework\system\Config\BaseService.php(258): CodeIgniter\Config\Services::uri()
#9 E:\laragon\www\spk_maut\vendor\codeigniter4\framework\system\Config\Services.php(566): CodeIgniter\Config\BaseService::__callStatic('uri', Array)
#10 E:\laragon\www\spk_maut\vendor\codeigniter4\framework\system\Config\BaseService.php(258): CodeIgniter\Config\Services::incomingrequest(Object(Config\App), false)
#11 E:\laragon\www\spk_maut\vendor\codeigniter4\framework\system\Config\Services.php(524): CodeIgniter\Config\BaseService::__callStatic('incomingrequest', Array)
#12 E:\laragon\www\spk_maut\vendor\codeigniter4\framework\system\Config\BaseService.php(258): CodeIgniter\Config\Services::request(NULL, false)
#13 E:\laragon\www\spk_maut\vendor\codeigniter4\framework\system\Config\BaseService.php(199): CodeIgniter\Config\BaseService::__callStatic('request', Array)
#14 E:\laragon\www\spk_maut\vendor\codeigniter4\framework\system\Config\Services.php(520): CodeIgniter\Config\BaseService::getSharedInstance('request', NULL)
#15 E:\laragon\www\spk_maut\vendor\codeigniter4\framework\system\Config\BaseService.php(258): CodeIgniter\Config\Services::request()
#16 E:\laragon\www\spk_maut\vendor\codeigniter4\framework\system\Debug\Exceptions.php(150): CodeIgniter\Config\BaseService::__callStatic('request', Array)
#17 [internal function]: CodeIgniter\Debug\Exceptions->exceptionHandler(Object(CodeIgniter\Exceptions\ConfigException))
#18 {main}
  thrown
【Previous Exception】
CodeIgniter\Exceptions\ConfigException
Config\App::$baseURL "http://spk_maut.test/" is not a valid URL.
#0 E:\laragon\www\spk_maut\vendor\codeigniter4\framework\system\HTTP\SiteURI.php(145): CodeIgniter\HTTP\SiteURI->normalizeBaseURL(Object(Config\App))
#1 E:\laragon\www\spk_maut\vendor\codeigniter4\framework\system\HTTP\SiteURI.php(100): CodeIgniter\HTTP\SiteURI->determineBaseURL(Object(Config\App), NULL, NULL)
#2 E:\laragon\www\spk_maut\vendor\codeigniter4\framework\system\HTTP\SiteURIFactory.php(224): CodeIgniter\HTTP\SiteURI->__construct(Object(Config\App), 'kriteria', NULL)
#3 E:\laragon\www\spk_maut\vendor\codeigniter4\framework\system\HTTP\SiteURIFactory.php(45): CodeIgniter\HTTP\SiteURIFactory->createURIFromRoutePath('kriteria')
#4 E:\laragon\www\spk_maut\vendor\codeigniter4\framework\system\Config\Services.php(799): CodeIgniter\HTTP\SiteURIFactory->createFromGlobals()
#5 E:\laragon\www\spk_maut\vendor\codeigniter4\framework\system\Config\BaseService.php(258): CodeIgniter\Config\Services::uri(NULL, false)
#6 E:\laragon\www\spk_maut\vendor\codeigniter4\framework\system\Config\BaseService.php(199): CodeIgniter\Config\BaseService::__callStatic('uri', Array)
#7 E:\laragon\www\spk_maut\vendor\codeigniter4\framework\system\Config\Services.php(792): CodeIgniter\Config\BaseService::getSharedInstance('uri', NULL)
#8 E:\laragon\www\spk_maut\vendor\codeigniter4\framework\system\Config\BaseService.php(258): CodeIgniter\Config\Services::uri()
#9 E:\laragon\www\spk_maut\vendor\codeigniter4\framework\system\Config\Services.php(566): CodeIgniter\Config\BaseService::__callStatic('uri', Array)
#10 E:\laragon\www\spk_maut\vendor\codeigniter4\framework\system\Config\BaseService.php(258): CodeIgniter\Config\Services::incomingrequest(Object(Config\App), false)
#11 E:\laragon\www\spk_maut\vendor\codeigniter4\framework\system\Config\Services.php(524): CodeIgniter\Config\BaseService::__callStatic('incomingrequest', Array)
#12 E:\laragon\www\spk_maut\vendor\codeigniter4\framework\system\Config\BaseService.php(258): CodeIgniter\Config\Services::request(Object(Config\App), false)
#13 E:\laragon\www\spk_maut\vendor\codeigniter4\framework\system\Config\BaseService.php(199): CodeIgniter\Config\BaseService::__callStatic('request', Array)
#14 E:\laragon\www\spk_maut\vendor\codeigniter4\framework\system\Config\Services.php(559): CodeIgniter\Config\BaseService::getSharedInstance('request', Object(Config\App))
#15 E:\laragon\www\spk_maut\vendor\codeigniter4\framework\system\Config\BaseService.php(258): CodeIgniter\Config\Services::incomingrequest(Object(Config\App))
#16 E:\laragon\www\spk_maut\vendor\codeigniter4\framework\system\Config\Services.php(539): CodeIgniter\Config\BaseService::__callStatic('incomingrequest', Array)
#17 E:\laragon\www\spk_maut\vendor\codeigniter4\framework\system\Config\BaseService.php(258): CodeIgniter\Config\Services::createRequest(Object(Config\App))
#18 E:\laragon\www\spk_maut\vendor\codeigniter4\framework\system\CodeIgniter.php(655): CodeIgniter\Config\BaseService::__callStatic('createRequest', Array)
#19 E:\laragon\www\spk_maut\vendor\codeigniter4\framework\system\CodeIgniter.php(355): CodeIgniter\CodeIgniter->getRequestObject()
#20 E:\laragon\www\spk_maut\public\index.php(79): CodeIgniter\CodeIgniter->run()
#21 {main}
in SYSTEMPATH\HTTP\SiteURI.php on line 199.
 1 [internal function]: CodeIgniter\Debug\Exceptions->shutdownHandler()
CRITICAL - 2024-07-18 15:09:04 --> CodeIgniter\Exceptions\ConfigException: Config\App::$baseURL "http://spk_maut.test/" is not a valid URL.
in SYSTEMPATH\HTTP\SiteURI.php on line 199.
 1 SYSTEMPATH\HTTP\SiteURI.php(145): CodeIgniter\HTTP\SiteURI->normalizeBaseURL(Object(Config\App))
 2 SYSTEMPATH\HTTP\SiteURI.php(100): CodeIgniter\HTTP\SiteURI->determineBaseURL(Object(Config\App), null, null)
 3 SYSTEMPATH\HTTP\SiteURIFactory.php(224): CodeIgniter\HTTP\SiteURI->__construct(Object(Config\App), 'kriteria', null)
 4 SYSTEMPATH\HTTP\SiteURIFactory.php(45): CodeIgniter\HTTP\SiteURIFactory->createURIFromRoutePath('kriteria')
 5 SYSTEMPATH\Config\Services.php(799): CodeIgniter\HTTP\SiteURIFactory->createFromGlobals()
 6 SYSTEMPATH\Config\BaseService.php(258): CodeIgniter\Config\Services::uri(null, false)
 7 SYSTEMPATH\Config\BaseService.php(199): CodeIgniter\Config\BaseService::__callStatic('uri', [...])
 8 SYSTEMPATH\Config\Services.php(792): CodeIgniter\Config\BaseService::getSharedInstance('uri', null)
 9 SYSTEMPATH\Config\BaseService.php(258): CodeIgniter\Config\Services::uri()
10 SYSTEMPATH\Config\Services.php(566): CodeIgniter\Config\BaseService::__callStatic('uri', [])
11 SYSTEMPATH\Config\BaseService.php(258): CodeIgniter\Config\Services::incomingrequest(Object(Config\App), false)
12 SYSTEMPATH\Config\Services.php(524): CodeIgniter\Config\BaseService::__callStatic('incomingrequest', [...])
13 SYSTEMPATH\Config\BaseService.php(258): CodeIgniter\Config\Services::request(Object(Config\App), false)
14 SYSTEMPATH\Config\BaseService.php(199): CodeIgniter\Config\BaseService::__callStatic('request', [...])
15 SYSTEMPATH\Config\Services.php(559): CodeIgniter\Config\BaseService::getSharedInstance('request', Object(Config\App))
16 SYSTEMPATH\Config\BaseService.php(258): CodeIgniter\Config\Services::incomingrequest(Object(Config\App))
17 SYSTEMPATH\Config\Services.php(539): CodeIgniter\Config\BaseService::__callStatic('incomingrequest', [...])
18 SYSTEMPATH\Config\BaseService.php(258): CodeIgniter\Config\Services::createRequest(Object(Config\App))
19 SYSTEMPATH\CodeIgniter.php(655): CodeIgniter\Config\BaseService::__callStatic('createRequest', [...])
20 SYSTEMPATH\CodeIgniter.php(355): CodeIgniter\CodeIgniter->getRequestObject()
21 FCPATH\index.php(79): CodeIgniter\CodeIgniter->run()
CRITICAL - 2024-07-18 15:09:04 --> ErrorException: Uncaught CodeIgniter\Exceptions\ConfigException: Config\App::$baseURL "http://spk_maut.test/" is not a valid URL. in E:\laragon\www\spk_maut\vendor\codeigniter4\framework\system\HTTP\SiteURI.php:199
Stack trace:
#0 E:\laragon\www\spk_maut\vendor\codeigniter4\framework\system\HTTP\SiteURI.php(145): CodeIgniter\HTTP\SiteURI->normalizeBaseURL(Object(Config\App))
#1 E:\laragon\www\spk_maut\vendor\codeigniter4\framework\system\HTTP\SiteURI.php(100): CodeIgniter\HTTP\SiteURI->determineBaseURL(Object(Config\App), NULL, NULL)
#2 E:\laragon\www\spk_maut\vendor\codeigniter4\framework\system\HTTP\SiteURIFactory.php(224): CodeIgniter\HTTP\SiteURI->__construct(Object(Config\App), 'kriteria', NULL)
#3 E:\laragon\www\spk_maut\vendor\codeigniter4\framework\system\HTTP\SiteURIFactory.php(45): CodeIgniter\HTTP\SiteURIFactory->createURIFromRoutePath('kriteria')
#4 E:\laragon\www\spk_maut\vendor\codeigniter4\framework\system\Config\Services.php(799): CodeIgniter\HTTP\SiteURIFactory->createFromGlobals()
#5 E:\laragon\www\spk_maut\vendor\codeigniter4\framework\system\Config\BaseService.php(258): CodeIgniter\Config\Services::uri(NULL, false)
#6 E:\laragon\www\spk_maut\vendor\codeigniter4\framework\system\Config\BaseService.php(199): CodeIgniter\Config\BaseService::__callStatic('uri', Array)
#7 E:\laragon\www\spk_maut\vendor\codeigniter4\framework\system\Config\Services.php(792): CodeIgniter\Config\BaseService::getSharedInstance('uri', NULL)
#8 E:\laragon\www\spk_maut\vendor\codeigniter4\framework\system\Config\BaseService.php(258): CodeIgniter\Config\Services::uri()
#9 E:\laragon\www\spk_maut\vendor\codeigniter4\framework\system\Config\Services.php(566): CodeIgniter\Config\BaseService::__callStatic('uri', Array)
#10 E:\laragon\www\spk_maut\vendor\codeigniter4\framework\system\Config\BaseService.php(258): CodeIgniter\Config\Services::incomingrequest(Object(Config\App), false)
#11 E:\laragon\www\spk_maut\vendor\codeigniter4\framework\system\Config\Services.php(524): CodeIgniter\Config\BaseService::__callStatic('incomingrequest', Array)
#12 E:\laragon\www\spk_maut\vendor\codeigniter4\framework\system\Config\BaseService.php(258): CodeIgniter\Config\Services::request(NULL, false)
#13 E:\laragon\www\spk_maut\vendor\codeigniter4\framework\system\Config\BaseService.php(199): CodeIgniter\Config\BaseService::__callStatic('request', Array)
#14 E:\laragon\www\spk_maut\vendor\codeigniter4\framework\system\Config\Services.php(520): CodeIgniter\Config\BaseService::getSharedInstance('request', NULL)
#15 E:\laragon\www\spk_maut\vendor\codeigniter4\framework\system\Config\BaseService.php(258): CodeIgniter\Config\Services::request()
#16 E:\laragon\www\spk_maut\vendor\codeigniter4\framework\system\Debug\Exceptions.php(150): CodeIgniter\Config\BaseService::__callStatic('request', Array)
#17 [internal function]: CodeIgniter\Debug\Exceptions->exceptionHandler(Object(CodeIgniter\Exceptions\ConfigException))
#18 {main}
  thrown
【Previous Exception】
CodeIgniter\Exceptions\ConfigException
Config\App::$baseURL "http://spk_maut.test/" is not a valid URL.
#0 E:\laragon\www\spk_maut\vendor\codeigniter4\framework\system\HTTP\SiteURI.php(145): CodeIgniter\HTTP\SiteURI->normalizeBaseURL(Object(Config\App))
#1 E:\laragon\www\spk_maut\vendor\codeigniter4\framework\system\HTTP\SiteURI.php(100): CodeIgniter\HTTP\SiteURI->determineBaseURL(Object(Config\App), NULL, NULL)
#2 E:\laragon\www\spk_maut\vendor\codeigniter4\framework\system\HTTP\SiteURIFactory.php(224): CodeIgniter\HTTP\SiteURI->__construct(Object(Config\App), 'kriteria', NULL)
#3 E:\laragon\www\spk_maut\vendor\codeigniter4\framework\system\HTTP\SiteURIFactory.php(45): CodeIgniter\HTTP\SiteURIFactory->createURIFromRoutePath('kriteria')
#4 E:\laragon\www\spk_maut\vendor\codeigniter4\framework\system\Config\Services.php(799): CodeIgniter\HTTP\SiteURIFactory->createFromGlobals()
#5 E:\laragon\www\spk_maut\vendor\codeigniter4\framework\system\Config\BaseService.php(258): CodeIgniter\Config\Services::uri(NULL, false)
#6 E:\laragon\www\spk_maut\vendor\codeigniter4\framework\system\Config\BaseService.php(199): CodeIgniter\Config\BaseService::__callStatic('uri', Array)
#7 E:\laragon\www\spk_maut\vendor\codeigniter4\framework\system\Config\Services.php(792): CodeIgniter\Config\BaseService::getSharedInstance('uri', NULL)
#8 E:\laragon\www\spk_maut\vendor\codeigniter4\framework\system\Config\BaseService.php(258): CodeIgniter\Config\Services::uri()
#9 E:\laragon\www\spk_maut\vendor\codeigniter4\framework\system\Config\Services.php(566): CodeIgniter\Config\BaseService::__callStatic('uri', Array)
#10 E:\laragon\www\spk_maut\vendor\codeigniter4\framework\system\Config\BaseService.php(258): CodeIgniter\Config\Services::incomingrequest(Object(Config\App), false)
#11 E:\laragon\www\spk_maut\vendor\codeigniter4\framework\system\Config\Services.php(524): CodeIgniter\Config\BaseService::__callStatic('incomingrequest', Array)
#12 E:\laragon\www\spk_maut\vendor\codeigniter4\framework\system\Config\BaseService.php(258): CodeIgniter\Config\Services::request(Object(Config\App), false)
#13 E:\laragon\www\spk_maut\vendor\codeigniter4\framework\system\Config\BaseService.php(199): CodeIgniter\Config\BaseService::__callStatic('request', Array)
#14 E:\laragon\www\spk_maut\vendor\codeigniter4\framework\system\Config\Services.php(559): CodeIgniter\Config\BaseService::getSharedInstance('request', Object(Config\App))
#15 E:\laragon\www\spk_maut\vendor\codeigniter4\framework\system\Config\BaseService.php(258): CodeIgniter\Config\Services::incomingrequest(Object(Config\App))
#16 E:\laragon\www\spk_maut\vendor\codeigniter4\framework\system\Config\Services.php(539): CodeIgniter\Config\BaseService::__callStatic('incomingrequest', Array)
#17 E:\laragon\www\spk_maut\vendor\codeigniter4\framework\system\Config\BaseService.php(258): CodeIgniter\Config\Services::createRequest(Object(Config\App))
#18 E:\laragon\www\spk_maut\vendor\codeigniter4\framework\system\CodeIgniter.php(655): CodeIgniter\Config\BaseService::__callStatic('createRequest', Array)
#19 E:\laragon\www\spk_maut\vendor\codeigniter4\framework\system\CodeIgniter.php(355): CodeIgniter\CodeIgniter->getRequestObject()
#20 E:\laragon\www\spk_maut\public\index.php(79): CodeIgniter\CodeIgniter->run()
#21 {main}
in SYSTEMPATH\HTTP\SiteURI.php on line 199.
 1 [internal function]: CodeIgniter\Debug\Exceptions->shutdownHandler()
CRITICAL - 2024-07-18 15:09:07 --> CodeIgniter\Exceptions\ConfigException: Config\App::$baseURL "http://spk_maut.test/" is not a valid URL.
in SYSTEMPATH\HTTP\SiteURI.php on line 199.
 1 SYSTEMPATH\HTTP\SiteURI.php(145): CodeIgniter\HTTP\SiteURI->normalizeBaseURL(Object(Config\App))
 2 SYSTEMPATH\HTTP\SiteURI.php(100): CodeIgniter\HTTP\SiteURI->determineBaseURL(Object(Config\App), null, null)
 3 SYSTEMPATH\HTTP\SiteURIFactory.php(224): CodeIgniter\HTTP\SiteURI->__construct(Object(Config\App), 'kriteria', null)
 4 SYSTEMPATH\HTTP\SiteURIFactory.php(45): CodeIgniter\HTTP\SiteURIFactory->createURIFromRoutePath('kriteria')
 5 SYSTEMPATH\Config\Services.php(799): CodeIgniter\HTTP\SiteURIFactory->createFromGlobals()
 6 SYSTEMPATH\Config\BaseService.php(258): CodeIgniter\Config\Services::uri(null, false)
 7 SYSTEMPATH\Config\BaseService.php(199): CodeIgniter\Config\BaseService::__callStatic('uri', [...])
 8 SYSTEMPATH\Config\Services.php(792): CodeIgniter\Config\BaseService::getSharedInstance('uri', null)
 9 SYSTEMPATH\Config\BaseService.php(258): CodeIgniter\Config\Services::uri()
10 SYSTEMPATH\Config\Services.php(566): CodeIgniter\Config\BaseService::__callStatic('uri', [])
11 SYSTEMPATH\Config\BaseService.php(258): CodeIgniter\Config\Services::incomingrequest(Object(Config\App), false)
12 SYSTEMPATH\Config\Services.php(524): CodeIgniter\Config\BaseService::__callStatic('incomingrequest', [...])
13 SYSTEMPATH\Config\BaseService.php(258): CodeIgniter\Config\Services::request(Object(Config\App), false)
14 SYSTEMPATH\Config\BaseService.php(199): CodeIgniter\Config\BaseService::__callStatic('request', [...])
15 SYSTEMPATH\Config\Services.php(559): CodeIgniter\Config\BaseService::getSharedInstance('request', Object(Config\App))
16 SYSTEMPATH\Config\BaseService.php(258): CodeIgniter\Config\Services::incomingrequest(Object(Config\App))
17 SYSTEMPATH\Config\Services.php(539): CodeIgniter\Config\BaseService::__callStatic('incomingrequest', [...])
18 SYSTEMPATH\Config\BaseService.php(258): CodeIgniter\Config\Services::createRequest(Object(Config\App))
19 SYSTEMPATH\CodeIgniter.php(655): CodeIgniter\Config\BaseService::__callStatic('createRequest', [...])
20 SYSTEMPATH\CodeIgniter.php(355): CodeIgniter\CodeIgniter->getRequestObject()
21 FCPATH\index.php(79): CodeIgniter\CodeIgniter->run()
CRITICAL - 2024-07-18 15:09:07 --> ErrorException: Uncaught CodeIgniter\Exceptions\ConfigException: Config\App::$baseURL "http://spk_maut.test/" is not a valid URL. in E:\laragon\www\spk_maut\vendor\codeigniter4\framework\system\HTTP\SiteURI.php:199
Stack trace:
#0 E:\laragon\www\spk_maut\vendor\codeigniter4\framework\system\HTTP\SiteURI.php(145): CodeIgniter\HTTP\SiteURI->normalizeBaseURL(Object(Config\App))
#1 E:\laragon\www\spk_maut\vendor\codeigniter4\framework\system\HTTP\SiteURI.php(100): CodeIgniter\HTTP\SiteURI->determineBaseURL(Object(Config\App), NULL, NULL)
#2 E:\laragon\www\spk_maut\vendor\codeigniter4\framework\system\HTTP\SiteURIFactory.php(224): CodeIgniter\HTTP\SiteURI->__construct(Object(Config\App), 'kriteria', NULL)
#3 E:\laragon\www\spk_maut\vendor\codeigniter4\framework\system\HTTP\SiteURIFactory.php(45): CodeIgniter\HTTP\SiteURIFactory->createURIFromRoutePath('kriteria')
#4 E:\laragon\www\spk_maut\vendor\codeigniter4\framework\system\Config\Services.php(799): CodeIgniter\HTTP\SiteURIFactory->createFromGlobals()
#5 E:\laragon\www\spk_maut\vendor\codeigniter4\framework\system\Config\BaseService.php(258): CodeIgniter\Config\Services::uri(NULL, false)
#6 E:\laragon\www\spk_maut\vendor\codeigniter4\framework\system\Config\BaseService.php(199): CodeIgniter\Config\BaseService::__callStatic('uri', Array)
#7 E:\laragon\www\spk_maut\vendor\codeigniter4\framework\system\Config\Services.php(792): CodeIgniter\Config\BaseService::getSharedInstance('uri', NULL)
#8 E:\laragon\www\spk_maut\vendor\codeigniter4\framework\system\Config\BaseService.php(258): CodeIgniter\Config\Services::uri()
#9 E:\laragon\www\spk_maut\vendor\codeigniter4\framework\system\Config\Services.php(566): CodeIgniter\Config\BaseService::__callStatic('uri', Array)
#10 E:\laragon\www\spk_maut\vendor\codeigniter4\framework\system\Config\BaseService.php(258): CodeIgniter\Config\Services::incomingrequest(Object(Config\App), false)
#11 E:\laragon\www\spk_maut\vendor\codeigniter4\framework\system\Config\Services.php(524): CodeIgniter\Config\BaseService::__callStatic('incomingrequest', Array)
#12 E:\laragon\www\spk_maut\vendor\codeigniter4\framework\system\Config\BaseService.php(258): CodeIgniter\Config\Services::request(NULL, false)
#13 E:\laragon\www\spk_maut\vendor\codeigniter4\framework\system\Config\BaseService.php(199): CodeIgniter\Config\BaseService::__callStatic('request', Array)
#14 E:\laragon\www\spk_maut\vendor\codeigniter4\framework\system\Config\Services.php(520): CodeIgniter\Config\BaseService::getSharedInstance('request', NULL)
#15 E:\laragon\www\spk_maut\vendor\codeigniter4\framework\system\Config\BaseService.php(258): CodeIgniter\Config\Services::request()
#16 E:\laragon\www\spk_maut\vendor\codeigniter4\framework\system\Debug\Exceptions.php(150): CodeIgniter\Config\BaseService::__callStatic('request', Array)
#17 [internal function]: CodeIgniter\Debug\Exceptions->exceptionHandler(Object(CodeIgniter\Exceptions\ConfigException))
#18 {main}
  thrown
【Previous Exception】
CodeIgniter\Exceptions\ConfigException
Config\App::$baseURL "http://spk_maut.test/" is not a valid URL.
#0 E:\laragon\www\spk_maut\vendor\codeigniter4\framework\system\HTTP\SiteURI.php(145): CodeIgniter\HTTP\SiteURI->normalizeBaseURL(Object(Config\App))
#1 E:\laragon\www\spk_maut\vendor\codeigniter4\framework\system\HTTP\SiteURI.php(100): CodeIgniter\HTTP\SiteURI->determineBaseURL(Object(Config\App), NULL, NULL)
#2 E:\laragon\www\spk_maut\vendor\codeigniter4\framework\system\HTTP\SiteURIFactory.php(224): CodeIgniter\HTTP\SiteURI->__construct(Object(Config\App), 'kriteria', NULL)
#3 E:\laragon\www\spk_maut\vendor\codeigniter4\framework\system\HTTP\SiteURIFactory.php(45): CodeIgniter\HTTP\SiteURIFactory->createURIFromRoutePath('kriteria')
#4 E:\laragon\www\spk_maut\vendor\codeigniter4\framework\system\Config\Services.php(799): CodeIgniter\HTTP\SiteURIFactory->createFromGlobals()
#5 E:\laragon\www\spk_maut\vendor\codeigniter4\framework\system\Config\BaseService.php(258): CodeIgniter\Config\Services::uri(NULL, false)
#6 E:\laragon\www\spk_maut\vendor\codeigniter4\framework\system\Config\BaseService.php(199): CodeIgniter\Config\BaseService::__callStatic('uri', Array)
#7 E:\laragon\www\spk_maut\vendor\codeigniter4\framework\system\Config\Services.php(792): CodeIgniter\Config\BaseService::getSharedInstance('uri', NULL)
#8 E:\laragon\www\spk_maut\vendor\codeigniter4\framework\system\Config\BaseService.php(258): CodeIgniter\Config\Services::uri()
#9 E:\laragon\www\spk_maut\vendor\codeigniter4\framework\system\Config\Services.php(566): CodeIgniter\Config\BaseService::__callStatic('uri', Array)
#10 E:\laragon\www\spk_maut\vendor\codeigniter4\framework\system\Config\BaseService.php(258): CodeIgniter\Config\Services::incomingrequest(Object(Config\App), false)
#11 E:\laragon\www\spk_maut\vendor\codeigniter4\framework\system\Config\Services.php(524): CodeIgniter\Config\BaseService::__callStatic('incomingrequest', Array)
#12 E:\laragon\www\spk_maut\vendor\codeigniter4\framework\system\Config\BaseService.php(258): CodeIgniter\Config\Services::request(Object(Config\App), false)
#13 E:\laragon\www\spk_maut\vendor\codeigniter4\framework\system\Config\BaseService.php(199): CodeIgniter\Config\BaseService::__callStatic('request', Array)
#14 E:\laragon\www\spk_maut\vendor\codeigniter4\framework\system\Config\Services.php(559): CodeIgniter\Config\BaseService::getSharedInstance('request', Object(Config\App))
#15 E:\laragon\www\spk_maut\vendor\codeigniter4\framework\system\Config\BaseService.php(258): CodeIgniter\Config\Services::incomingrequest(Object(Config\App))
#16 E:\laragon\www\spk_maut\vendor\codeigniter4\framework\system\Config\Services.php(539): CodeIgniter\Config\BaseService::__callStatic('incomingrequest', Array)
#17 E:\laragon\www\spk_maut\vendor\codeigniter4\framework\system\Config\BaseService.php(258): CodeIgniter\Config\Services::createRequest(Object(Config\App))
#18 E:\laragon\www\spk_maut\vendor\codeigniter4\framework\system\CodeIgniter.php(655): CodeIgniter\Config\BaseService::__callStatic('createRequest', Array)
#19 E:\laragon\www\spk_maut\vendor\codeigniter4\framework\system\CodeIgniter.php(355): CodeIgniter\CodeIgniter->getRequestObject()
#20 E:\laragon\www\spk_maut\public\index.php(79): CodeIgniter\CodeIgniter->run()
#21 {main}
in SYSTEMPATH\HTTP\SiteURI.php on line 199.
 1 [internal function]: CodeIgniter\Debug\Exceptions->shutdownHandler()
INFO - 2024-07-18 15:16:26 --> Session: Class initialized using 'CodeIgniter\Session\Handlers\FileHandler' driver.
INFO - 2024-07-18 15:17:00 --> Session: Class initialized using 'CodeIgniter\Session\Handlers\FileHandler' driver.
INFO - 2024-07-18 15:19:04 --> Session: Class initialized using 'CodeIgniter\Session\Handlers\FileHandler' driver.
INFO - 2024-07-18 15:34:39 --> Session: Class initialized using 'CodeIgniter\Session\Handlers\FileHandler' driver.
CRITICAL - 2024-07-18 15:35:00 --> ErrorException: Undefined array key "keterangan"
in APPPATH\Controllers\Kriteria.php on line 49.
 1 APPPATH\Controllers\Kriteria.php(49): CodeIgniter\Debug\Exceptions->errorHandler(2, 'Undefined array key "keterangan"', 'E:\\laragon\\www\\spk-maut\\app\\Controllers\\Kriteria.php', 49)
 2 SYSTEMPATH\CodeIgniter.php(941): App\Controllers\Kriteria->datatables()
 3 SYSTEMPATH\CodeIgniter.php(502): CodeIgniter\CodeIgniter->runController(Object(App\Controllers\Kriteria))
 4 SYSTEMPATH\CodeIgniter.php(361): CodeIgniter\CodeIgniter->handleRequest(null, Object(Config\Cache), false)
 5 FCPATH\index.php(79): CodeIgniter\CodeIgniter->run()
INFO - 2024-07-18 15:36:31 --> Session: Class initialized using 'CodeIgniter\Session\Handlers\FileHandler' driver.
INFO - 2024-07-18 15:37:04 --> Session: Class initialized using 'CodeIgniter\Session\Handlers\FileHandler' driver.
INFO - 2024-07-18 15:38:18 --> Session: Class initialized using 'CodeIgniter\Session\Handlers\FileHandler' driver.
INFO - 2024-07-18 15:41:48 --> Session: Class initialized using 'CodeIgniter\Session\Handlers\FileHandler' driver.
INFO - 2024-07-18 15:43:20 --> Session: Class initialized using 'CodeIgniter\Session\Handlers\FileHandler' driver.
INFO - 2024-07-18 15:44:08 --> Session: Class initialized using 'CodeIgniter\Session\Handlers\FileHandler' driver.
INFO - 2024-07-18 15:45:11 --> Session: Class initialized using 'CodeIgniter\Session\Handlers\FileHandler' driver.
INFO - 2024-07-18 15:47:20 --> Session: Class initialized using 'CodeIgniter\Session\Handlers\FileHandler' driver.
INFO - 2024-07-18 15:52:53 --> Session: Class initialized using 'CodeIgniter\Session\Handlers\FileHandler' driver.
INFO - 2024-07-18 15:55:47 --> Session: Class initialized using 'CodeIgniter\Session\Handlers\FileHandler' driver.
INFO - 2024-07-18 15:56:11 --> Session: Class initialized using 'CodeIgniter\Session\Handlers\FileHandler' driver.
INFO - 2024-07-18 15:57:21 --> Session: Class initialized using 'CodeIgniter\Session\Handlers\FileHandler' driver.
INFO - 2024-07-18 15:58:16 --> Session: Class initialized using 'CodeIgniter\Session\Handlers\FileHandler' driver.
CRITICAL - 2024-07-18 15:59:30 --> ErrorException: Undefined property: CodeIgniter\View\View::$uri
in APPPATH\Views\admin\layout\navigasi.php on line 33.
 1 APPPATH\Views\admin\layout\navigasi.php(33): CodeIgniter\Debug\Exceptions->errorHandler(2, 'Undefined property: CodeIgniter\\View\\View::$uri', 'E:\\laragon\\www\\spk-maut\\app\\Views\\admin\\layout\\navigasi.php', 33)
 2 SYSTEMPATH\View\View.php(228): include('E:\\laragon\\www\\spk-maut\\app\\Views\\admin\\layout\\navigasi.php')
 3 SYSTEMPATH\View\View.php(231): CodeIgniter\View\View->CodeIgniter\View\{closure}()
 4 SYSTEMPATH\View\View.php(469): CodeIgniter\View\View->render('admin/layout/navigasi', null, true)
 5 APPPATH\Views\admin\layout\wrapper.php(2): CodeIgniter\View\View->include('admin/layout/navigasi')
 6 SYSTEMPATH\View\View.php(228): include('E:\\laragon\\www\\spk-maut\\app\\Views\\admin\\layout\\wrapper.php')
 7 SYSTEMPATH\View\View.php(231): CodeIgniter\View\View->CodeIgniter\View\{closure}()
 8 SYSTEMPATH\Common.php(1178): CodeIgniter\View\View->render('admin/layout/wrapper', [], true)
 9 APPPATH\Controllers\Kriteria.php(25): view('admin/layout/wrapper', [...])
10 SYSTEMPATH\CodeIgniter.php(941): App\Controllers\Kriteria->index()
11 SYSTEMPATH\CodeIgniter.php(502): CodeIgniter\CodeIgniter->runController(Object(App\Controllers\Kriteria))
12 SYSTEMPATH\CodeIgniter.php(361): CodeIgniter\CodeIgniter->handleRequest(null, Object(Config\Cache), false)
13 FCPATH\index.php(79): CodeIgniter\CodeIgniter->run()
CRITICAL - 2024-07-18 16:02:16 --> Error: Call to undefined method CodeIgniter\HTTP\IncomingRequest::getSegment()
in APPPATH\Views\admin\layout\navigasi.php on line 36.
 1 SYSTEMPATH\View\View.php(228): include()
 2 SYSTEMPATH\View\View.php(231): CodeIgniter\View\View->CodeIgniter\View\{closure}()
 3 SYSTEMPATH\View\View.php(469): CodeIgniter\View\View->render('admin/layout/navigasi', null, true)
 4 APPPATH\Views\admin\layout\wrapper.php(2): CodeIgniter\View\View->include('admin/layout/navigasi')
 5 SYSTEMPATH\View\View.php(228): include('E:\\laragon\\www\\spk-maut\\app\\Views\\admin\\layout\\wrapper.php')
 6 SYSTEMPATH\View\View.php(231): CodeIgniter\View\View->CodeIgniter\View\{closure}()
 7 SYSTEMPATH\Common.php(1178): CodeIgniter\View\View->render('admin/layout/wrapper', [], true)
 8 APPPATH\Controllers\Kriteria.php(25): view('admin/layout/wrapper', [...])
 9 SYSTEMPATH\CodeIgniter.php(941): App\Controllers\Kriteria->index()
10 SYSTEMPATH\CodeIgniter.php(502): CodeIgniter\CodeIgniter->runController(Object(App\Controllers\Kriteria))
11 SYSTEMPATH\CodeIgniter.php(361): CodeIgniter\CodeIgniter->handleRequest(null, Object(Config\Cache), false)
12 FCPATH\index.php(79): CodeIgniter\CodeIgniter->run()
INFO - 2024-07-18 16:04:29 --> Session: Class initialized using 'CodeIgniter\Session\Handlers\FileHandler' driver.
